8.525640342330262911e-01,2.633457283649269943e-03,5.492418682783348736e-04,3.044253779575349932e-04,2.976121789383279637e-03,4.172997035526632620e-07,1.369110946329320016e-03,1.085728102605776520e-03,2.790609061403480275e-03,1.845849851632431343e-02,7.482628222481930297e-03,4.167144139446411245e-03,9.457016293468119977e-03,6.838804824875402769e-03,5.125535148229868774e-04,9.339033717862647854e-04,2.374394191000800403e-05,8.761413706855797649e-04,6.010379117373058043e-03,1.314239647222488960e-03,1.687510490203265271e-03,2.420560293968622000e-03,3.593870736039814912e-03,5.932369417784014685e-03,1.994731819409481695e-03,3.207591416525591883e-03,3.522605471274879198e-04,1.044889182911559614e-03,7.621991111766632243e-06,2.005818099168814143e-03
0.000000000000000000e+00,6.067843483417112611e-03,2.483583446371218778e-03,3.741830449777004422e-07,2.747711877766306592e-03,4.856027387680780880e-04,2.878080011804117454e-03,1.964124469546385966e-03,5.009863961215939993e-05,4.696020017790704967e-04,7.370324827087291163e-03,1.272486421820919963e-03,8.194643006560378695e-03,1.157466859290092256e-02,1.368818842924505747e-03,1.000716765571833160e-03,1.038112893157253774e-02,1.502251067676674398e-03,5.603944127008081595e-03,2.575004559890339915e-05,3.648303495331630623e-03,1.781385564266387000e-03,4.369604052092476189e-03,2.130014067086486546e-04,2.114008545823342806e-03,2.409946695833129881e-03,8.633046575047452703e-04,4.870981943845102691e-04,3.205200562626373722e-04,2.078474258516655425e-03
8.243610906353591172e-01,5.427317682761747392e-04,4.348726935250334016e-04,0.000000000000000000e+00,2.088324244512787531e-03,1.133855064629702759e-04,2.865597001262883570e-03,8.517130997160555442e-04,2.254297642454890661e-03,2.509598455749021892e-03,7.054868801819330279e-03,1.791379831137162844e-03,1.314346121085941538e-02,1.622724944654538922e-03,1.519787059916127836e-02,2.136309898648805841e-03,9.660102962881757238e-03,5.719409257142881592e-06,1.122772664565808119e-02,9.744483034997411183e-04,1.858479135716609512e-03,2.377432452589577864e-03,6.802120076928565989e-03,0.000000000000000000e+00,4.558087319919904967e-04,3.540041901969253040e-03,6.665154841628722401e-04,7.785820119386192492e-04,2.981727337685125619e-05,1.995615465400137761e-03
6.527360133557223998e-01,2.518078891448309251e-03,6.974669658248277681e-04,0.000000000000000000e+00,6.277571271754898118e-05,1.605896398420994867e-05,3.742672755560798661e-04,1.050075477629727359e-03,2.838387065670682158e-06,1.836170302519258071e-02,1.973468780970233719e-03,5.490164289693442480e-04,8.445410073550166374e-03,0.000000000000000000e+00,0.000000000000000000e+00,7.969344547861380128e-04,0.000000000000000000e+00,1.607100123412306264e-02,4.993954001518956937e-03,1.613251455017991175e-03,3.050597445221021019e-03,1.204701774897683425e-03,4.087462458851956471e-03,4.801238735557493810e-04,2.388226193892656075e-03,2.593387894133686311e-03,7.794999143714154014e-04,1.121672296179041569e-04,5.973983721834314961e-04,9.349168803591670135e-04
4.095774834336038395e-01,2.636948924595588963e-03,4.713481159332816523e-04,4.718637351670111786e-03,9.950465111517757186e-03,4.931672518715125549e-04,1.125312273956501855e-03,7.644453282296103649e-04,0.000000000000000000e+00,9.451758520805115388e-04,9.760347655725159013e-03,5.135839302711030403e-03,1.211945778828563657e-02,2.740936950647006234e-03,8.100455633733561617e-03,2.190284899551829100e-03,0.000000000000000000e+00,1.161687431990481370e-04,3.501891621994030965e-03,1.029167011658364914e-03,2.955353625643360443e-03,1.759486156016708009e-03,4.710509671245234620e-03,4.534588552974142808e-04,0.000000000000000000e+00,3.163135954044497128e-03,7.814687028005261153e-04,7.696837315029068580e-03,2.838725134387750119e-04,3.416009109418111957e-04
4.514152423288755323e-01,3.049448721286934436e-03,2.579283295317619240e-03,1.082447108301158242e-03,1.036771299451826056e-02,1.262667176889474834e-04,9.887632426185486573e-04,2.281931194530556224e-03,1.894072770653681178e-03,1.532905543331026035e-02,6.696516084016213705e-03,2.350322559293241236e-03,1.679921733137790946e-03,0.000000000000000000e+00,1.013752421644100767e-02,1.769923630286617455e-03,6.340234901728962480e-03,1.476212768531792643e-03,3.400075218054189954e-03,0.000000000000000000e+00,1.228797030227555924e-03,1.905331318678565866e-03,4.706493357527669757e-03,1.306574862797658422e-03,1.776769201806611877e-03,2.341867831233435462e-03,6.981816664948748904e-04,5.806696441160972850e-04,1.344712217423127323e-03,1.920212030090895404e-03
6.182369329205523734e-01,1.100059427796537797e-03,2.654067369169577691e-03,1.915475076580569177e-03,3.577577276760707638e-04,5.829441605252869184e-04,2.513825460187376834e-04,6.715496466342052917e-04,3.559342926993460678e-04,6.303756486621635551e-05,6.718274127238028047e-03,4.884949376619894534e-03,8.329205316061924144e-03,6.745412530907619192e-03,0.000000000000000000e+00,1.819843601440222303e-03,6.232910834608781751e-04,1.383994620982984154e-03,1.218645072628532326e-02,1.277483168941582776e-03,1.435783178141605354e-03,2.104152482402209950e-03,3.614548769707614032e-03,1.125515367717102753e-03,3.342707014268377595e-03,2.203516431312080217e-03,7.520255580849852586e-04,5.725266827357491884e-04,8.079739963858618632e-05,2.079176008060628841e-03
2.536055439392838617e-01,1.129895052790009895e-03,1.424329200233736929e-03,1.910990035900349748e-03,3.501016914730014848e-04,5.815456366417728722e-04,2.515566652962416563e-04,6.698176887285971172e-04,2.005745746553867060e-06,0.000000000000000000e+00,6.453044279212357889e-03,1.811995944609009774e-03,8.317357804747765870e-03,2.289855807449344728e-03,6.206061323293180117e-03,1.334351669242580737e-03,5.867359597957755302e-03,8.716036126022114541e-05,1.220562547614104619e-02,1.294110520345374870e-03,2.126690369935016738e-03,1.909356382157602729e-03,3.629528171239843840e-03,2.337248600015910866e-05,3.342952486159197264e-03,2.203995604937557772e-03,7.562564585070442533e-04,4.882799876847266946e-04,1.272867730650921285e-03,1.971400388496335684e-03
7.868628538945598994e-02,1.826340542400212066e-04,1.404623406837201757e-03,2.797922502249474861e-05,2.481020161280659414e-03,5.538571733920952169e-04,1.526353245309103150e-03,5.418672780156792712e-03,0.000000000000000000e+00,1.816460155018886913e-02,9.424134276068453497e-05,5.063241794561018985e-03,8.403055562886377686e-03,6.369877386052471592e-04,6.398768224131847621e-03,1.307065578519912147e-03,1.076938374365064496e-02,1.907178714080971262e-03,9.046877254641963809e-03,1.101757826211231025e-03,3.052134180243077158e-03,6.128600838788734757e-04,4.576785492571072353e-03,1.092943654441308737e-03,3.285699588009391610e-03,2.611258656186583784e-03,8.055381096995063803e-04,6.022009939454949206e-04,7.950123306142556964e-05,3.858125328160080282e-04
1.829438227442739817e-01,9.141931826229622105e-04,6.595749244445508683e-04,5.984199989812685749e-03,2.842303824396172438e-03,1.403504492828219645e-05,3.620280161664506460e-03,2.114836094699620687e-03,4.501208501783596043e-03,0.000000000000000000e+00,6.641222249920721715e-03,1.681938286368135594e-03,3.605264515454555292e-03,1.108894107061907108e-04,6.807221085297740677e-03,1.854849013785515041e-03,7.584831198712938677e-03,1.389195685903856468e-03,1.248830802947494857e-02,4.267118991006862375e-04,9.110901128280490206e-04,1.855764520181070118e-02,4.802800984228177555e-03,5.512392829968502635e-04,2.079869331657993418e-03,1.483333359722481277e-04,3.525878092833523722e-04,1.855252225383594543e-03,8.903455430818549461e-05,9.210309440609811731e-04
4.232501083524300989e-01,5.660715489962120546e-03,1.186696587184525066e-03,2.790324364286515943e-04,2.906230677842085944e-03,5.128664528514530110e-04,1.776113885102500361e-03,1.073412246018236316e-03,1.617487544113135542e-04,1.974789562589304021e-02,6.683685069856374131e-03,4.164785373710419222e-03,3.546241522887612872e-03,1.628169183473914721e-03,0.000000000000000000e+00,7.792401081606987676e-03,1.118437465600991866e-02,7.005598242893272369e-04,9.243429923057065734e-03,1.537595631829243980e-05,2.890272774532307801e-03,1.954124773459872330e-02,4.666008277995807065e-03,7.631446927727422724e-05,7.025246135698628297e-05,2.177932095792865872e-03,3.507735124739732755e-04,3.796694364947028090e-04,3.194122829351834581e-04,2.012184779874190595e-03
4.120968629592733912e-01,2.596313094604958249e-03,2.458750213994915969e-03,5.314351791932778613e-04,1.125285008889810937e-04,1.822588669655155966e-03,3.545373165105329249e-03,5.279328659294521119e-05,3.259879029928847410e-03,2.105718338263035550e-03,6.491612613577330340e-03,8.867990371825814136e-05,2.011778528724479220e-03,8.287059882428292595e-04,1.008428601987371859e-02,1.069488828274930275e-02,8.200403885542115537e-04,1.147203972366070976e-03,8.883333575678489455e-03,2.502896984882599634e-05,3.473238346500429931e-03,9.979176966288017675e-03,4.591103033999641668e-03,5.358860939934989229e-04,1.963281982575386386e-03,3.334436807478590153e-03,2.343003263400781461e-04,3.228280306227994823e-04,3.105762776780751026e-04,2.066521296599496248e-03
4.270505335061418606e-01,3.129657464240875875e-03,1.345743848623233690e-03,1.995859091510236889e-03,9.846986472095985848e-03,1.784645477482560069e-03,3.375420981019051653e-03,9.092265638830828714e-04,2.222736981148500015e-03,6.918617492497959902e-04,8.268514869093990596e-03,2.038412888730462783e-03,2.935026210557496219e-03,6.025574993805821178e-07,0.000000000000000000e+00,7.335239345236486009e-04,6.331060842872038123e-03,8.222841919266175598e-05,2.663381519119349325e-03,4.972254173564064983e-05,2.150677762870552030e-03,1.053670924476742335e-02,4.241904760877608649e-03,1.615501630903569711e-04,2.396253982826722449e-03,2.108663797619873565e-03,7.623197928335235683e-04,3.415939223517231631e-04,5.205950473956264305e-05,2.178861221578817179e-03
2.363359410845419784e-01,3.047561337473061495e-03,2.575171433688978190e-03,5.537614994000428573e-04,9.992688953700585089e-03,1.102735176903883339e-03,3.350319190095879182e-03,2.304677805657194805e-03,6.200141077169261591e-03,4.939507648232641275e-04,6.645059541055430528e-03,1.729981889080581085e-03,3.247898139946492693e-03,0.000000000000000000e+00,7.753700507962426117e-03,1.787245355247490952e-03,7.295826973424291741e-03,1.395877450405416751e-03,3.390575566001197139e-03,0.000000000000000000e+00,1.348077463226645669e-03,1.696095528402194116e-02,4.648641394678168851e-03,1.299545645868584133e-03,2.009934345856637279e-03,2.302210662896089430e-03,1.846974843182569046e-03,5.750423762545807697e-04,1.347432320096542992e-03,2.082508074333235589e-03
8.999253196598500093e-04,2.621669228189766210e-03,4.830252361021879215e-04,0.000000000000000000e+00,2.761047886726466540e-03,5.016342697608749219e-04,2.878266562501106442e-03,2.003138186717138072e-03,2.102740322455229696e-04,5.994131647674939486e-04,4.383893166712499526e-04,1.271907446565814998e-03,8.476186789822724721e-03,2.169084386293991529e-03,1.400635352464917830e-03,1.386862454143536569e-03,1.037356174977431197e-02,1.916269606245480425e-03,1.986382380516373697e-02,9.873970594270519222e-04,3.637155208913508443e-03,1.758156174097346217e-03,4.569206745358776571e-03,4.597545185101427974e-04,2.066795891612043055e-03,2.211804459857019158e-03,8.820910287220399323e-04,7.740750502546411838e-03,6.170807921548538593e-04,5.070270516357952041e-04
8.396352377042177739e-01,5.833125068597676786e-03,1.320704978018872287e-03,0.000000000000000000e+00,2.591309215616731474e-03,1.736028896976081004e-03,2.820384232632793670e-03,3.863188334745317875e-03,9.456730154646680875e-03,1.946440849332568834e-02,7.298254497047181738e-03,1.298665589895324057e-03,3.262522663472542002e-03,1.194552241108660928e-02,0.000000000000000000e+00,1.107266289881305137e-03,1.065185482796256189e-02,3.591783016590856595e-05,5.705535574635465373e-03,1.301793436865117089e-03,1.674939429043562251e-03,1.954302890673352555e-02,4.369045454701460732e-03,2.110669173998572408e-04,3.352446163709618589e-03,2.127977379202111198e-03,9.004516266006192936e-05,3.557976037985439684e-04,6.881065247376915188e-04,2.059936205995918732e-03
4.441581025863293730e-01,3.134507554441883816e-03,6.249803586459937860e-04,1.644564637325674622e-02,3.193210092875523390e-03,1.201906013339915525e-04,3.393438281863537208e-03,6.900576660436235710e-04,1.796997481091524955e-03,1.572845247992986362e-02,6.457648783325085212e-03,2.387139596451092437e-03,1.184912430317313151e-02,3.304067909834713154e-03,1.014586372454483361e-02,7.936773712301918885e-04,6.328570706460946542e-03,1.518936389192874136e-03,1.246960075575682600e-02,1.685379521313508291e-05,2.909457128061922887e-03,1.201789488222077332e-03,3.599112182144171505e-03,1.428595149680745181e-03,5.771427565899579781e-03,4.792199605202901707e-04,7.951729237552158979e-04,3.953216932389335076e-04,1.349414533383662494e-03,5.448016169021306469e-03
8.427758624086081340e-01,5.747891762984774083e-03,1.318542698939646199e-03,5.320390297355391106e-04,2.588240275125457471e-03,1.811539631750059632e-03,3.599206186917842075e-03,3.865480435692437988e-03,1.801267591832519249e-05,1.621971964856189566e-03,7.254018282649976439e-03,1.300004332413227806e-03,3.231177708295720260e-03,0.000000000000000000e+00,4.965410974940760898e-03,1.080993318353887884e-03,1.066225507813479099e-02,2.287329003240919090e-05,1.937934095284831945e-02,1.299235561321395761e-03,0.000000000000000000e+00,1.943361705947065435e-02,4.374999554531356673e-03,4.530820571989576436e-04,4.396457092581233794e-05,2.543584387960185888e-03,3.321625751881898247e-04,3.572970418568791463e-04,6.843946287371811951e-04,1.802274829643022878e-03
6.390359887837454567e-03,9.140996141816246437e-04,6.567885319719353075e-04,7.059945664915790592e-05,9.913073809322374419e-04,1.395964684160186023e-05,3.596716803308331982e-03,1.051221654979484464e-03,4.510567208593975475e-03,1.857734685481813447e-04,6.625624219156746667e-03,4.918270397496777441e-03,3.552173488257155242e-03,0.000000000000000000e+00,7.499790778728635497e-04,1.892832129679247483e-03,2.034278997184529002e-04,1.565367701316832533e-03,1.237212717318302707e-02,9.991487797419834876e-04,1.000500562514497743e-03,1.889058966015615820e-02,4.802666802666623845e-03,8.965702066562831942e-04,6.663993224216931046e-04,2.422226724177812748e-03,3.686858999607638956e-04,1.851962995246084730e-03,4.978564831317986447e-04,9.089633015527841991e-04
4.349425184781635090e-01,1.671258489715564009e-03,6.203938841014369245e-04,5.956646054707930363e-03,5.963622604467698572e-04,2.333313813489486141e-05,2.216476762803444318e-03,5.402955296948334929e-03,4.120953386806420343e-03,1.739536924706474100e-02,1.351276214268961468e-02,5.059911968595617177e-03,3.326103423974488722e-03,1.812704382198824377e-02,8.410098518292514341e-04,8.209277612202005303e-03,2.373910485037122409e-04,1.577468826930759384e-03,5.643866535946684589e-03,4.739635051141322586e-04,3.081167477626448048e-03,6.572155926253421933e-04,4.735616172994392033e-03,5.623875805538931967e-03,3.453604107902708345e-03,8.246230056734275490e-03,3.646746243321489123e-04,2.349967341875892077e-04,9.221353599727203124e-05,7.346348440089695529e-04
5.949016763197084723e-02,5.791879298215406140e-04,4.325795833278943360e-04,2.762735754776831417e-06,3.169550936793994085e-03,1.113185042778829810e-04,2.804776221490367424e-03,8.519844849432782084e-04,2.299887561044163843e-03,2.697200861391261563e-03,7.202642334805996714e-03,1.907858505294523577e-03,1.316604541900193333e-02,1.751587142240790956e-03,1.519274108877959051e-02,1.904538365267295684e-03,9.642941457067399913e-03,7.859227581757699836e-06,1.115172322665192693e-02,3.233997727988180328e-04,1.634023672366460758e-03,1.298066920422248464e-03,6.694808176939569776e-03,6.035872169750995664e-03,4.421998820775659362e-04,3.522492319776586618e-03,1.593804053798300547e-03,7.807335584809805716e-04,1.610906288773689262e-05,1.994774461673503620e-03
8.318962147402737539e-01,1.222119544861795682e-03,1.317320821529956556e-03,3.191306429399409675e-06,2.603668953433557753e-03,3.634385971198518268e-05,1.185088107387215813e-03,6.315618632776361097e-04,4.981751009478221567e-04,3.139911456758189001e-03,7.168626519790382602e-03,2.110766955115715281e-03,9.957260921618393042e-04,1.695966647021279576e-03,0.000000000000000000e+00,1.071591433082745657e-03,6.870554803197603116e-03,1.428553830020146088e-03,5.596777670456272794e-03,7.363998092813691266e-05,1.626099368106624383e-03,6.270517372769112210e-03,4.929852410440914955e-03,2.107269870031420870e-04,2.019744201044883832e-03,2.127964441601687493e-03,1.526472683275395970e-03,3.552453012646217202e-04,6.787344830178373804e-04,2.059625370273599800e-03
3.587828140515325615e-02,1.334911900911074992e-02,5.615333308998859616e-04,4.093889390516196498e-03,3.393171966808834761e-03,0.000000000000000000e+00,3.439982198297220073e-03,1.052653440351142885e-03,4.042343263632296006e-03,1.998047331413992447e-02,8.296832911103920252e-03,1.760188226561616243e-03,9.474961091325791174e-03,2.751298723343486782e-04,1.910654039120711356e-04,1.203692581812973797e-03,4.714082911858417414e-03,1.527467789037394250e-03,5.868422519355133427e-03,1.024220217475170849e-03,3.031257182175380559e-03,2.309271315983471920e-03,4.876417258483513317e-03,1.042870618997813071e-03,0.000000000000000000e+00,2.360067982393283456e-03,8.070914457163592352e-04,4.259911930389016169e-04,0.000000000000000000e+00,2.049583785003585359e-03
1.408640627694682235e-02,9.220506744426336821e-04,5.294476440875720696e-04,4.987571840792844741e-03,8.807115947466735185e-04,0.000000000000000000e+00,3.479192660124608063e-03,1.037952745691482275e-03,4.072749691333962807e-03,2.148455637655155310e-03,8.417597933804529114e-03,5.093377578840716305e-03,1.683680439380030956e-03,6.134517089469866333e-03,0.000000000000000000e+00,2.055416717786559804e-03,7.224640995768367123e-03,1.545531105036044911e-03,6.064425989135890406e-03,6.709119248599765273e-05,2.900908922517511819e-03,2.039571332093617802e-03,4.566232306310240123e-03,1.362078589754890830e-03,1.957467395756318403e-03,2.406531549941770022e-03,2.938471448835114049e-04,3.263886283878891879e-04,8.256988405155976955e-06,2.047179178081059113e-03
6.274886859610572243e-01,2.518570285808466661e-03,1.184369146962844458e-03,5.274576205458405068e-03,2.641513767107217438e-03,1.113288082680555149e-05,3.461467136117917041e-03,6.315414936751337621e-04,1.991587477342763582e-04,2.793917089422203945e-03,8.466162984126222521e-03,1.042374539306267821e-03,5.365925809566055374e-04,1.650346064200202897e-03,2.575560071492220089e-04,7.804777838901712141e-04,7.005246923158146843e-03,7.306506457739278277e-05,5.671045553542612347e-03,1.302402228506240218e-03,3.060698836005944744e-03,6.518612640000700023e-03,4.946936134030890421e-03,1.358278588175404738e-03,1.965600760444081909e-03,2.140176937889383922e-03,3.853100164920038925e-03,3.801231903765067742e-04,1.268116727143244610e-03,1.945399902526088153e-03
2.032334056075719153e-01,2.653562773037923539e-04,6.382881937812264015e-04,9.965784415251991313e-04,4.804047445273360809e-04,9.514338842328697683e-06,1.176077062876171265e-03,7.537121480566261189e-04,6.912671735999787598e-05,1.842725008588020838e-02,1.311111837013025777e-02,1.383753160882034844e-02,1.316230067380289893e-02,3.265343933602232740e-02,0.000000000000000000e+00,7.410306446716257052e-04,4.748827059355509392e-04,2.306035281551949406e-03,9.904032871682937750e-03,4.916597062657359751e-04,3.059458402453175095e-03,1.360086241468242687e-03,3.761984863894819731e-03,6.889137531823576101e-04,5.251967707084182185e-04,2.697650226900127381e-03,3.617036023842055623e-04,5.740150296293881210e-04,1.177578696355957170e-04,1.925674771051614532e-03
2.158139826526181970e-01,8.624610365588830044e-04,2.387054452740973616e-03,4.505159555597586934e-03,0.000000000000000000e+00,5.438851109606799086e-03,3.897810004103240133e-03,5.681682229846808218e-04,6.341671327724349508e-03,2.739897852696247631e-03,8.180105093464404634e-03,4.605011112451257507e-03,2.050001620447260489e-03,1.823025824714158763e-02,3.853576208125431002e-04,1.073574837934669624e-02,2.955785369002025820e-04,1.553841686076365674e-03,3.429122202884749525e-03,1.415767064950233410e-03,8.003693818810382870e-04,1.398826811437727316e-02,0.000000000000000000e+00,1.028946641204644269e-03,2.173266512543147334e-03,2.245960155005163189e-04,1.700578533175056738e-03,1.725261913323571789e-04,2.068152257974438437e-06,7.319086162800385841e-04
6.204494385791299305e-01,4.030449787923534762e-03,6.205765552164556722e-04,6.559714187976420580e-05,2.178018230374234761e-03,0.000000000000000000e+00,6.546799723315950385e-04,4.262286643051441636e-03,1.483934189868921054e-03,1.183563614754280270e-02,2.310033263525378133e-03,1.383498451738600019e-04,4.991177423223081000e-03,1.921335212015322542e-03,3.750175151930951190e-02,1.325623880412442118e-03,3.103477969617235779e-03,9.759692506769473324e-05,4.748869119394105026e-03,1.320785535189976205e-03,2.817991694810739484e-03,1.138298699728136631e-02,4.547984398681016727e-03,2.013172625206930202e-04,1.812100406985798877e-03,2.088099774648682818e-03,1.507843421290975443e-03,1.835472103561718764e-04,6.252332426337224624e-04,4.642414686053938574e-03
2.488887505959466451e-01,1.370156379718249660e-03,6.198603749024867316e-04,2.381856215449753428e-06,9.763241535915482758e-03,5.731187680157527305e-04,1.270717497218957614e-03,8.328006447228524390e-04,5.493154226652522797e-08,3.242196277053782834e-03,9.712916273595788644e-03,2.216622831974492461e-03,9.218350055563619833e-03,0.000000000000000000e+00,0.000000000000000000e+00,2.023979132161046399e-03,7.108491601505008764e-03,1.425458510803261341e-03,9.412171770458801351e-03,0.000000000000000000e+00,0.000000000000000000e+00,1.847483074611141075e-03,4.567626461238010437e-03,1.942591397342677880e-04,5.887704253609462972e-04,2.393556794931145891e-03,1.271733733991543044e-03,3.802015851888368827e-04,4.127254568109881960e-04,8.739122249510301518e-04
4.188562355767614376e-01,2.598633225026778827e-03,2.445297366070909618e-03,5.325380288562210586e-04,6.935636849403680002e-04,2.039601708235377724e-03,3.536196370100752693e-03,1.037957617673813948e-03,3.558156040216085489e-04,2.192770201101727420e-03,6.197527601290228963e-03,5.075576632949538314e-03,9.244566862599907370e-03,8.656432866668080546e-04,0.000000000000000000e+00,1.005976872967564127e-03,5.798339863309232706e-04,1.542265789081322547e-03,6.063889525466059811e-03,4.354415949266252778e-05,2.903979480387912284e-03,1.004076410371414901e-02,4.591065889020944611e-03,5.354819279017077049e-04,1.924713455623227936e-03,2.406590415445234755e-03,3.544571232649693831e-04,3.240460564366619105e-04,3.089288865959602566e-04,1.982214053531043251e-03
6.370625929932169917e-01,5.912403090749073289e-03,1.121803627752688583e-03,2.849138776242797553e-04,9.720603520917490969e-03,8.957639422513177102e-06,1.696556220373210671e-03,1.092079733454624432e-03,1.141725941212231969e-04,1.917356210169811337e-02,7.248532315772150854e-03,2.264570612873457664e-02,3.098789259958688921e-03,1.632582709492959652e-03,0.000000000000000000e+00,8.006244458833838146e-04,1.173483685254416570e-02,7.238763456568781535e-04,5.782709527093265328e-03,0.000000000000000000e+00,2.888033339338418829e-03,1.963112523265911347e-02,4.550057382045942338e-03,2.572173379093073203e-04,3.421337463875721678e-03,2.148704739769594085e-03,3.495358418587885116e-04,3.553466342772321185e-04,3.056571622313145140e-04,2.011548846096652965e-03
2.231682604447962626e-01,1.325431706414899194e-03,6.598136232470359908e-04,2.313311890192942333e-06,2.614599833509922977e-03,5.339673443068945649e-05,3.697790075735210048e-03,2.558213118604816009e-04,1.827788935443073158e-04,2.795811438018398938e-03,5.422787530574878830e-05,4.540015694301713020e-03,1.123442655763538193e-03,8.656281934037788131e-03,6.598427848826002133e-04,1.598347006447838753e-02,1.027978765827779195e-02,3.330884549332066048e-05,1.865330700043721715e-02,9.324101363458771330e-04,3.029142427272387902e-03,6.137137179384639062e-03,4.826249786759054944e-03,6.597571680810908942e-04,1.523971815120125309e-03,2.125188434770720371e-03,8.997449018059797826e-04,4.540720160984262205e-04,6.273969624139703579e-04,1.067495705351507573e-03
6.297853984767772806e-01,5.786897793303878365e-03,9.015642923207407150e-03,1.609957704513403313e-03,2.537745435927044133e-03,5.151934480206744318e-04,3.812032289825452620e-04,1.138422487598450376e-03,9.592009679009774054e-03,1.121412464677247131e-02,1.907095816270192642e-03,1.289049974684626423e-03,3.224204832302479153e-03,2.132085356342204585e-04,2.411318522585573524e-06,1.114588137753042387e-03,1.058471064634233100e-02,0.000000000000000000e+00,5.918978851315841692e-03,1.298915985927976725e-03,1.695540316773791380e-03,1.951116804703273422e-02,4.026093986845507774e-03,2.114424834228494391e-04,2.009458863377445049e-03,2.173463834667454554e-03,4.700757379763349092e-05,3.615409238586596969e-04,3.667763136722033100e-04,2.061923595832639965e-03
6.216103445127353355e-01,1.301076493970704934e-02,2.557132183047803632e-03,4.132310807012177720e-03,9.979395713627423059e-03,0.000000000000000000e+00,8.540655505905808209e-04,2.310761527777537971e-03,2.274222733604666820e-03,1.757324611424997476e-02,8.474115358135856854e-03,4.086374020741128689e-03,9.330543740993320692e-03,6.909336720218721764e-03,6.655086215133490177e-04,1.795323975930793875e-02,1.343749131708903426e-04,8.665832519131951451e-04,3.070775036953863994e-04,1.021597636669499196e-03,5.642168041384979568e-05,2.446003941870883783e-03,3.662967657482198505e-03,4.315619277972609913e-03,2.723100245597161531e-03,3.211624202067687832e-03,3.464664845488716477e-04,1.981163658772612936e-04,9.809256299537203773e-06,1.925457042456037811e-03
4.408404047583701080e-01,3.180657545673550978e-03,7.173260764102824079e-04,1.595518803921766246e-02,3.962344240885339042e-05,1.149928210143321078e-04,1.141496777986924756e-03,1.506967373921262558e-03,1.808421738845860521e-03,1.525649469715754936e-02,6.693336305104240734e-03,2.350915367137411914e-03,1.671263769960829992e-03,3.085444492068640729e-03,1.011142039083539126e-02,7.931853265723213392e-04,6.336805817419632891e-03,1.478387242828123121e-03,1.256023412292216722e-02,2.096097217276485973e-05,1.228478702307786007e-03,1.570342707331378977e-03,4.706202789632302728e-03,1.463604259102144547e-03,5.791825830515914299e-03,1.234318621361451531e-03,7.046928114430068982e-04,3.952475314213966260e-04,3.176472699056226488e-04,1.906003185947479934e-03
2.195590332888768814e-01,2.993193668221790296e-03,9.467880778014978313e-04,5.465715760379370042e-04,2.640945784144119006e-03,1.811861366378261177e-03,3.600821115569196717e-03,2.466199747177368670e-04,0.000000000000000000e+00,2.483162334384266933e-03,8.533424435128934143e-03,1.384439427605698575e-03,8.365388810096683822e-03,1.519030012831835193e-05,5.087468105821056283e-03,2.110958817382487668e-03,6.514267697556516690e-03,1.318285272839225374e-03,1.927485557478889749e-02,1.144050510963292699e-03,2.117530599975592925e-05,1.878417873845382793e-02,4.571089972269426829e-03,4.489689274403440341e-04,8.195494025707746044e-05,2.549948696444401079e-03,3.277647197944158312e-04,3.725394004112365758e-04,1.367569466476000742e-04,1.811710405304469470e-03
4.323555386429962510e-01,3.413549081039442940e-04,1.330040918358502524e-03,0.000000000000000000e+00,2.582233058795456102e-03,2.353379302512865080e-03,2.853608461956806241e-03,1.299247119249687501e-03,1.015973377425709659e-02,2.539803225249132046e-03,7.018477856917840034e-03,1.283019147523771020e-03,1.290987437974219429e-02,1.196931654723239896e-02,1.497012245424981375e-02,1.364820853676133351e-03,1.076596665011745300e-03,1.270141951913615012e-04,1.800406658889576461e-02,1.298183624455234979e-03,1.671114060767238700e-03,2.390180397266558621e-03,6.043265899368069523e-04,5.812397028124881293e-03,2.068095535631466093e-03,2.158249058516042811e-03,7.781404639653984089e-04,5.780535209157580418e-04,6.881412879534733185e-04,2.011109016945646782e-03
6.255136487661624445e-01,1.201426369560728603e-03,9.040993913443434379e-03,1.609448320928417390e-03,7.595528842193276751e-05,5.927838552605988257e-04,3.549962041541197171e-04,1.151584120874508954e-03,3.879698129248126959e-03,1.142108528282556948e-02,1.937024352727685465e-03,1.565084046858197016e-03,8.816869804500918756e-03,4.200729763345657786e-04,2.720784544684558487e-04,7.656829817309442109e-04,5.660322079785650058e-03,1.695853286468252535e-03,1.972946330941027435e-02,1.175138919368721828e-03,3.082190916343510896e-03,1.485370107934629730e-03,4.032631681962729406e-03,1.386151586979845335e-03,1.987659577534481303e-03,0.000000000000000000e+00,7.859063510389835330e-04,0.000000000000000000e+00,3.669244441798700487e-04,1.993496081825141264e-03
2.307826035568201761e-01,8.980758553593200721e-04,6.583305041104805123e-04,6.182716673257700885e-03,2.964491130735701432e-03,1.577659011803874732e-05,3.274529811553546568e-03,2.187273693203231357e-03,4.493363035412515152e-03,1.071164981981467812e-04,6.366817737113767903e-03,4.904352200750612158e-03,3.610788837336234829e-03,4.510739196824388973e-04,6.716549456130602516e-03,1.041992945637671949e-03,7.324688321884772514e-03,1.560638962794847796e-03,1.196712071003727673e-02,1.531298252101334981e-03,3.027900478431440768e-03,8.577759954097562145e-04,4.803733886072415228e-03,1.307422311555476871e-03,2.080032320734679155e-03,2.561188795992436294e-03,7.887510307850595847e-04,1.890143651965714650e-03,1.372224490586062239e-03,9.108178467971072244e-04
3.375675646358433646e-03,2.018402036808641074e-03,5.981955529221179638e-04,4.023938990594130502e-03,9.684355990541527667e-04,1.141190328315769579e-03,1.537327819251771248e-03,1.066722024854587121e-03,3.967351759465826203e-03,1.757338879685283253e-02,8.119285404954533839e-03,5.155615191595025112e-03,9.194969319096378546e-03,6.513847370046827942e-03,1.476273740311725285e-02,1.748779221696465658e-02,1.190066433176289909e-04,1.541595394411294194e-03,5.841173599274902123e-03,9.999007521345022135e-04,5.644844395275645972e-05,6.524805534114930510e-04,4.451563218737178071e-03,1.105312788206060104e-03,3.210119623498625119e-03,2.382519904397210377e-03,9.047653562716224214e-04,2.497610949149238306e-04,5.026019216749659296e-04,2.052979183955766333e-03
6.485360306743304104e-01,2.532539393342234536e-03,6.957544394794512371e-04,3.848419533083853594e-03,3.254429835061315758e-03,2.654164979190294475e-05,2.963740476169135236e-04,6.810670096308414157e-04,2.750070232233204313e-03,3.111440913944130485e-03,2.249363746932999709e-03,4.548900100069660710e-03,1.202826506754163007e-02,1.165844048757551724e-02,1.006354877109497288e-02,7.968698125189479196e-04,1.495794891673670780e-02,1.689051174776174183e-02,4.904974511327524038e-03,2.544821445155738548e-02,2.891362172628655480e-03,1.433334912862894300e-03,3.705709137454361000e-03,4.461242327511733691e-04,2.403539471875291988e-03,1.942289638143815389e-03,7.932066905783345017e-04,3.698671015942239337e-04,5.751482306728429583e-04,8.562987339490340556e-04
4.485296848044986184e-01,3.061443259529007289e-03,1.311937445406619572e-03,1.946388869246661480e-03,3.572354861857468013e-03,1.367007536038576101e-04,3.371025463542360462e-03,8.910066267066968056e-04,5.239878959559501198e-05,6.929599454087739894e-04,1.714136948268779690e-03,4.027485036995107417e-03,2.023630245035419259e-03,2.151841003081901744e-03,1.001827869037816461e-02,7.433341605085808275e-04,6.680076583856029565e-04,6.238096262030595838e-05,1.103621993902649187e-02,6.232955156733272016e-05,2.152419139330818618e-03,1.093913001023382597e-02,3.895882607227631276e-03,1.425620712455120346e-03,2.397461658780660268e-03,2.578185083540976419e-03,1.536005818009592797e-03,3.429828332376547400e-04,1.575631324465076415e-04,2.082854378492139842e-03
6.396450183866245753e-01,2.456010898729949626e-03,1.232861237754867036e-03,1.653464686621076724e-03,6.918934807263101699e-04,5.697307269179929844e-04,1.601337777071575041e-03,7.978414470840094423e-04,5.065307189420576242e-05,1.937065869864760051e-02,8.827146881706684350e-03,1.262564961271652863e-03,1.265345007010822316e-02,1.068108189998511273e-02,5.289439415820457180e-02,8.780399967457516372e-04,5.589800145010849486e-03,6.761737830882134882e-05,2.082444597948475071e-02,1.395102577694424476e-03,1.606718684299141692e-05,1.835740284007345187e-03,4.874910502646708638e-03,6.828698071382297984e-05,1.984648961492809296e-03,1.758082986573496730e-04,3.730158097207081705e-03,1.285233335301987556e-05,2.954643689007327174e-04,1.951382293033764124e-03
4.622996172584003388e-03,9.426617827299175762e-04,5.962632291930742212e-04,4.363014679278080961e-04,9.973889477364050737e-04,0.000000000000000000e+00,1.357186233892881217e-03,1.027511802094633817e-03,3.966623756922218330e-03,1.766187924770138210e-02,2.553223456445211786e-02,4.965094355983207079e-03,9.582344921311937783e-03,6.512103936405048976e-03,7.277749133377201668e-04,7.201874829375776860e-04,1.169719598337832568e-04,1.545780255593267325e-03,6.031981414166560050e-03,9.996858538460582505e-04,2.947543662923026320e-03,7.068159736079605978e-04,4.451359800972464788e-03,8.912177256300232199e-04,6.992473913466534970e-04,2.381787898323576777e-03,7.967700779000668528e-04,2.522611156714405682e-04,4.979807939380041792e-04,1.984804891957622081e-03
2.097382924604056509e-01,2.496741699562762123e-03,1.020797489471544830e-03,4.632641844652906488e-03,3.175775066069660198e-03,5.126151774063561093e-04,3.361754644399677066e-03,6.896287029954342902e-04,2.690084679892785005e-03,1.802326598120337908e-02,9.550612976126382839e-03,4.473932781201841839e-03,2.148550905120751725e-04,1.114776953484471894e-02,1.005422203585142060e-02,9.895242457751149759e-04,6.523647341155080354e-03,3.787801920449040700e-05,1.960334878392405028e-02,1.606705066361383992e-03,4.337343521538384108e-03,1.951037265608170090e-03,4.022114308513237771e-03,1.373827241916898180e-03,5.095234517634125715e-02,1.976988718842241644e-03,4.283579253952889132e-04,3.732866602322640055e-04,1.346454836063459316e-03,5.782639396596662637e-03
6.440594279536897560e-01,1.028301030738036376e-03,2.358874951714128466e-03,8.034496972987945768e-04,2.882163092452724382e-03,5.528063549946140871e-04,3.557343367636968748e-03,2.112202942416335164e-03,6.028915014352939986e-03,3.667109491689178515e-04,8.825088828861947857e-03,1.764356835519011743e-03,1.257237867526490513e-02,4.378084594823766600e-04,5.600463771091501383e-03,8.887230897923485869e-04,7.492624133161287364e-03,8.738942544585671240e-06,2.064300417616040870e-02,1.928826956376284612e-04,8.061017652356472409e-04,2.138242896774299184e-03,4.033657039374727825e-03,5.482524627100461090e-04,1.973905629033223703e-03,2.173488510631876522e-03,9.376741319779779114e-04,9.004574338302459395e-06,1.277130530864604247e-03,2.257600148720738213e-03
1.903284770965779082e-01,1.299286057715623270e-03,5.667749043170220141e-04,0.000000000000000000e+00,2.640048699678564093e-03,3.688996786813149298e-04,2.892226607423184579e-03,2.312616261183805030e-03,1.866251193864181847e-03,3.948863362651175305e-04,0.000000000000000000e+00,1.192222126233797880e-03,8.277591698775399465e-03,0.000000000000000000e+00,7.338673884782391868e-03,8.064246914232324134e-03,1.025496041834511249e-02,1.893823631196921977e-03,2.121909962530576718e-02,1.326958603126342532e-03,2.830342949680278442e-03,1.748728243458215481e-02,4.634243321709741008e-03,5.641573066420506452e-04,2.068436458125497059e-03,7.758362975243161819e-05,8.728782979283877981e-04,5.765795772033278010e-04,6.342752204545698633e-04,4.867914322589492106e-04
1.909513419462124939e-02,7.960631139927782816e-04,2.337278536210792273e-03,6.058302619230517341e-04,7.041883495972397350e-04,2.035110080311189687e-03,3.544945176368078429e-03,1.042623425857420842e-03,3.657574519079460429e-04,1.854560740449281422e-03,8.562224771247507055e-03,1.328261019824821540e-03,5.112251539147339569e-04,1.134361716193018049e-03,2.055805223994773209e-04,1.334431933352423416e-03,2.291324134701333819e-03,1.608283143743657450e-04,1.828387403872851896e-02,1.243413302843153186e-03,3.007659725969068047e-03,1.887522656691330292e-02,1.854187307715670502e-02,6.609639147453034644e-04,5.352199861850966654e-04,2.499475979592751234e-03,6.976936070853203718e-04,4.979689196165101124e-04,2.863819665160174423e-04,7.080425106429755850e-04
2.423963624047296983e-01,1.349772586044966846e-03,1.149039093668820883e-03,1.884007303375824505e-03,2.786035581490674262e-04,1.192335152379504510e-05,1.209861670317069222e-03,6.251766598807850708e-04,1.912411941540283385e-04,1.510972613855869964e-05,4.013564238623957246e-03,1.828836395865532979e-03,1.442576400410588468e-03,2.293135559161283647e-03,0.000000000000000000e+00,1.301884291101687791e-03,6.938393454318296689e-03,1.511288597873714466e-04,9.321031676324014609e-03,1.129239332516701871e-05,2.919014772253761530e-03,1.887022344064714571e-03,3.649313714597722524e-03,2.187582157164460843e-05,3.496732804652749171e-03,2.134401348339635528e-03,7.501924897704173676e-04,1.122202911658673019e-04,3.489021442592528735e-04,1.971559287273576787e-03
2.108487199091519659e-01,1.923116967839362361e-03,1.294557219750714803e-03,1.868340110447452851e-03,2.457364178672104965e-03,5.798266284422730213e-04,1.545244139690887418e-03,1.333199010285284099e-03,1.443684403020059630e-05,2.719336375954920990e-03,7.432091863824522374e-03,1.750792717136859375e-03,8.795322402127806263e-03,9.845996492247231779e-03,1.169210704120705706e-05,9.451258652940289218e-04,5.168069999735326603e-04,1.283147148806837185e-03,1.217567606606196132e-02,1.383208929077521000e-03,3.035818508137382889e-03,2.028202938980575021e-02,4.052862212813528910e-03,2.432235381073449636e-05,1.976528530050077580e-03,2.201438080116630350e-03,7.504197166577077863e-04,1.955385075456809660e-03,6.706334821067339979e-04,1.803369635764872150e-03
5.285722011041499302e-02,1.124507977994814540e-03,4.863163332957826665e-04,4.916733009520172365e-03,2.438728764671995678e-03,4.271585545790820577e-05,2.887059784310267319e-04,7.071071070539983747e-04,4.813981455952919680e-05,1.131322289703699975e-03,8.665707224610012804e-05,2.960754107284241723e-04,8.198997559018556675e-03,2.684788977015889651e-03,6.933206594837703317e-03,6.785108328331047878e-04,0.000000000000000000e+00,1.535981733172791207e-03,2.010243293270254361e-02,9.879403417741437939e-04,1.475215386254682091e-03,2.167259489412074608e-03,3.615604866247004376e-03,2.725946969208182819e-04,0.000000000000000000e+00,3.145018415503880727e-03,7.817413899830175268e-04,7.732072091713400319e-03,1.285998064921633609e-03,2.259823416965955900e-03
2.888068731635590192e-02,2.614080090282010563e-03,5.017603176651959807e-04,2.787512652167156019e-04,1.317047425397248686e-04,1.891596526281270679e-03,3.476532283416565883e-03,8.032207558709731233e-05,4.056400386207278767e-03,2.109178545795664488e-03,8.487588980003509670e-03,8.320997454633024051e-05,2.016478126954722710e-03,6.112047711580243306e-03,0.000000000000000000e+00,2.004518611439614489e-03,2.833792195024659524e-04,1.144120041118410532e-03,8.844232752964208827e-03,2.552007565258437906e-05,2.888988094871147282e-03,9.687530795384577398e-03,4.591139493038368970e-03,1.445343093988003987e-03,1.963000262641023848e-03,3.437961431884351427e-03,2.919623790439482953e-04,3.265558597264161091e-04,3.000277180957949233e-04,2.046817837629710205e-03
1.985300161399464747e-01,1.364563992458484552e-02,5.673968082331054021e-04,4.518392699777257172e-04,9.804129085369425040e-03,5.858180403014181213e-04,3.561237810989186913e-03,2.332791504763050659e-03,8.543868776779026120e-03,2.428920672360216325e-04,2.066546042365237888e-04,1.531371006531338959e-03,1.213366881992506384e-03,1.083884173100355466e-04,7.224792695816540516e-03,8.902756874875458921e-04,5.592432003327600827e-03,0.000000000000000000e+00,9.074809616291545228e-03,1.321112377735171421e-03,3.455015479674033649e-03,1.258106080597867727e-03,4.624863611252983883e-03,6.909142146337844247e-04,1.937900265896072300e-03,1.640966754607228316e-04,9.320712786799468770e-04,4.803757742193441875e-05,1.100021207167639994e-04,1.954518304058089177e-03
1.134694199399893799e-02,8.330782225439354368e-04,4.497973984654871039e-04,5.430003738089290294e-03,2.597383353782280798e-03,0.000000000000000000e+00,3.441877345315952352e-03,8.531383454165660397e-04,9.626567145066319137e-05,1.892175923104116864e-03,8.553509508205159317e-03,1.325859024408160367e-03,4.723001518724652750e-04,9.829193919601198100e-04,6.679349404579522018e-03,1.332548388358207594e-03,5.309800599568941307e-03,1.155876958428147952e-04,1.835630035829306089e-02,1.130585779234994162e-03,3.346336337089726460e-03,1.885914650265561876e-02,3.480489313982717235e-03,1.594141670233224783e-02,3.286233981721270632e-03,2.496115470803494853e-03,6.936592392674846303e-04,4.970445627355218974e-04,1.324195308728643794e-03,1.826180645364002637e-03
4.173294138434026079e-01,1.347676956096523389e-02,2.065658350220754471e-03,4.406742983946847778e-04,9.636369661185941599e-03,8.991401220638860041e-04,3.547733034772976995e-03,7.406811256311686409e-05,8.395364645532553405e-03,2.962284367934184780e-03,6.475269984149111674e-03,1.517423459953145832e-03,1.454037446137814663e-03,6.840516184575978244e-05,7.032491140215533718e-03,1.689331291285442460e-03,6.629668859035482524e-03,1.325949152500630925e-03,9.074045313977756322e-03,1.002085908176797435e-03,3.478958871855259739e-03,1.606693070347674050e-03,4.660061481893976176e-03,6.921298925443218576e-04,5.199128775361473503e-04,1.644162751157508384e-04,1.753358265019444324e-03,5.504126798439607643e-04,1.174498920482114144e-04,2.066182587224716510e-03
4.141324950521624859e-01,2.432020040665225542e-03,1.301677370625664923e-03,5.321643341717217706e-04,2.604400822748900030e-03,1.743382553092020018e-03,3.505271944439622769e-03,9.777082760981940963e-04,5.459975008143503825e-04,2.117145633841117924e-02,6.186127404737480975e-03,5.160573041200745836e-03,9.267152916306694438e-03,1.256626356246198610e-03,0.000000000000000000e+00,1.101416392487473321e-03,1.075754730840529534e-03,7.682447780421803370e-05,6.077756629217934831e-03,1.326144551404930417e-03,1.702360600648493384e-03,1.972997496503762355e-02,4.592863284491352331e-03,5.402461108886012298e-04,1.973687742525596575e-03,2.123342637927738263e-03,9.106442557425568018e-05,3.242667028271214546e-04,6.777136032422158719e-04,1.982533214391458878e-03
8.367246073125886863e-01,7.999628262354890797e-04,6.670497444194988792e-04,4.867600562734615555e-03,9.272445758499588478e-03,2.245492493960849194e-03,3.583930745121948445e-04,8.055634452557238097e-04,2.541416826904302744e-04,1.977359768800481324e-03,5.248963931943574981e-03,2.185655689133320610e-03,1.231053618966122289e-02,0.000000000000000000e+00,8.077784427821400881e-03,1.207303880032105630e-03,5.799139583935949971e-03,1.540353913324710514e-03,5.243682122858755665e-03,1.276045422683196344e-03,2.890646970937399245e-03,1.925637752983577061e-02,3.667471183003409574e-03,4.728270915867381630e-03,2.270184402660111594e-03,1.950773318336666536e-04,2.982469538272054278e-03,3.776488568188372482e-04,7.245987958041100185e-04,0.000000000000000000e+00
6.956734781807899504e-02,1.169296067461553278e-03,1.426748558792684685e-03,0.000000000000000000e+00,2.196973305932610476e-03,4.116803941144446814e-05,2.593128523499497757e-04,6.609225546937791754e-04,4.832362108886769161e-05,6.214940778116219422e-04,0.000000000000000000e+00,2.329930820264545545e-04,8.334668857534990871e-03,2.183450921131022560e-03,6.206405035824542026e-03,1.305087617806947658e-03,1.027181058943039786e-02,1.900665941824721678e-03,1.156848185884143919e-02,1.292393650269396026e-03,2.111621842340724239e-03,9.991456289397846954e-04,3.615107727615838023e-03,2.638894844821047239e-04,3.337387502212522256e-03,2.265389228146415419e-03,6.838213224187208832e-04,4.949149349260373570e-04,1.272850717429388316e-03,1.970884388945264021e-03
8.352354739281728779e-01,3.468786091518349934e-04,9.102140312393322899e-03,1.600827386049296676e-03,2.091872858531437611e-03,5.094573526664979450e-04,2.951736242168187356e-03,1.135714116274076646e-03,8.997978164885898564e-03,1.117737472315389821e-02,7.109261522829357464e-03,1.794627340626917759e-03,3.206087917760950395e-03,1.649090734219664858e-03,0.000000000000000000e+00,2.075462599402424103e-03,1.058254389063398651e-02,4.402798245700391107e-08,1.131887768475776067e-02,9.775809143537511625e-04,1.700038050920358928e-03,2.986255451648500009e-03,3.816472402160607340e-03,1.524623483291898921e-06,4.694484029740508520e-04,3.519591074553011633e-03,6.077943672775824131e-05,7.814492512876119535e-04,3.622497556792284284e-04,2.060873650625920719e-03
5.233299483488818016e-02,2.402955826310692201e-03,2.475638351170614346e-03,3.726343319802134443e-05,9.357800981750371422e-03,1.281469770216577941e-05,3.508174020600367086e-03,8.445008363911424157e-04,1.575539281181505963e-03,2.066057282640462386e-02,1.378739491293829063e-02,1.708467582463049335e-03,4.940420697639370806e-03,4.990932759434367830e-03,1.326258472369189548e-02,1.060885461307478237e-03,1.147915855591673598e-02,0.000000000000000000e+00,1.233213280964234708e-02,1.007442650525196097e-03,2.806472481004336147e-03,1.146589452960403502e-02,4.174224540205214579e-03,1.729435922939426273e-02,2.050101817967118871e-03,6.061221543195345791e-03,1.629527149850266933e-03,1.544365721154119402e-04,1.048318799173246366e-03,1.777713883090027095e-03
8.262071660806726836e-01,3.217942924516223671e-03,1.269158631333956516e-03,4.997005637777259500e-03,3.060645724148283731e-03,0.000000000000000000e+00,3.462970684382129637e-03,8.841361732816780620e-04,8.610735696648129378e-03,2.544194345804206073e-03,6.461883422992666798e-03,2.409222986833513269e-02,1.269757531517477431e-03,3.063610767400056986e-02,5.494544367849879540e-04,1.024433328930300473e-03,6.283172540790116743e-03,1.514075549858425211e-03,1.111073568009434548e-02,4.964350023857337299e-03,3.167593708722216128e-03,1.851301489586681601e-02,5.655425062700255093e-04,4.687125939054678954e-03,3.228473443340742089e-03,2.454517322859898782e-03,3.557673369892264516e-04,5.229090065104732626e-04,1.368971846700625487e-03,5.632486950488412719e-03
4.211743883622585116e-01,2.610597190398507815e-03,2.428669348987821767e-03,1.044708627686031285e-03,6.970499728967158130e-04,2.152346500461243053e-03,3.540360340707784242e-03,2.458104052705903462e-03,3.596252339491222004e-04,5.328492864019411784e-04,6.324362518208503925e-03,9.665413360817175920e-04,5.491348725011305221e-02,6.745560853001583701e-03,3.203364855565347350e-05,9.964241022471988663e-04,5.129423920553707623e-04,1.412756704767284066e-03,1.202581794650231517e-02,6.275617865289994865e-06,1.426845572956220165e-03,1.749995080150384269e-02,4.605868548504045076e-03,1.265564077646534223e-04,3.373573131489136789e-03,2.383458587964334529e-03,3.729521132799098289e-04,5.734013511599144819e-04,1.737661097403623894e-04,7.773882158374343558e-04
2.055988158291557344e-01,5.691209858209923290e-04,4.431604777541280939e-04,0.000000000000000000e+00,9.486371989139350674e-03,1.145365584919566092e-03,3.432052176174842182e-03,8.863423181800205580e-04,0.000000000000000000e+00,1.806865603447091115e-02,6.427971064269871965e-04,2.061952368277524504e-03,1.630269076980762422e-03,1.912693698315007414e-03,3.893573374012837844e-04,1.331807283858105380e-03,4.498230756910595596e-04,1.017087174253774023e-04,1.159644160564412933e-02,1.325727414366403237e-03,1.438177793212538523e-03,1.284718798630370834e-03,1.000289597224017848e-02,1.729963201265916420e-02,0.000000000000000000e+00,1.825894446978415867e-03,7.063347079958907319e-04,4.927526211555800437e-04,6.826472109080327765e-04,2.248738889586494004e-03
8.276921528336251832e-01,2.503122462019261810e-03,1.189150468651137141e-05,3.931508579159206929e-04,2.097631904111537781e-03,2.537415498529802839e-03,1.502105730899862008e-03,2.160514604471476877e-03,2.904870895556719082e-02,4.748004770572765432e-04,1.337179234151808158e-02,4.995452321487602217e-03,9.015928655183273396e-03,2.760644696440655178e-03,1.399670700902769412e-03,1.084986784799825193e-03,6.208239886592321205e-04,2.666536109012832782e-05,7.840315976482579302e-03,2.366767958521628939e-05,4.402718263715785230e-03,1.697282013205080736e-02,0.000000000000000000e+00,3.256988957714423982e-04,3.187050061124375826e-03,2.050929714098912761e-03,3.372284889445759256e-04,6.231297864344698470e-03,5.033199485117460445e-04,1.715973246992999815e-03
2.135129325400483835e-01,1.378744834031129640e-03,5.646186964622667854e-04,4.433350924880223912e-04,2.640810426603260042e-03,0.000000000000000000e+00,2.959732590547938316e-04,2.326088189541123709e-03,2.298745572498834405e-03,2.815569225195542306e-03,0.000000000000000000e+00,1.734656767483169250e-03,2.942375721376718021e-03,0.000000000000000000e+00,1.725904609284772701e-04,1.568083859774059736e-03,1.056034871959060650e-02,6.314476434053023848e-03,1.870682311414179066e-02,1.392159265114621246e-03,1.425719183973289499e-03,7.184628594778582483e-04,4.827316125047744627e-03,6.761242017145150524e-04,2.336862696921206389e-03,8.489113299165555997e-04,1.042508818626281496e-03,4.504904050495873546e-04,5.784550219299216004e-05,1.017656722369106401e-03
6.569362914386908670e-02,2.548999271354110766e-03,1.393320763060334729e-03,2.612134314639568420e-04,7.469433416428968280e-04,2.318710418297413407e-06,1.479684185726446366e-03,2.278538370670829191e-03,4.140019910643531059e-03,1.730899667002709988e-02,7.515110099851306236e-03,4.156499039117383075e-03,8.756679365459003189e-03,7.896139276253187796e-04,7.037344142542844780e-03,1.296796263958750056e-03,1.432363709389249465e-03,1.960956878005374812e-03,2.030113097895316562e-02,1.265753894909116750e-03,2.962102910581967778e-03,9.066639108757791436e-04,4.534087680898274408e-03,4.071763801853330641e-06,1.919673777716407329e-03,2.413890746535992879e-03,7.294670182756274584e-04,3.690992594565417661e-04,5.321509696698534242e-04,6.840231755200448620e-04
8.298306946149144325e-01,5.287196298391961830e-04,4.588791177970934047e-04,0.000000000000000000e+00,9.493494224189201816e-03,0.000000000000000000e+00,3.454978252257884328e-03,8.404127084692637403e-04,9.277806444622206661e-03,1.868371894514350706e-02,6.431822292236131361e-04,2.211167719437433449e-04,6.065029359122045896e-04,1.916361847125647080e-03,3.002933326110507686e-04,1.334505874737193423e-03,9.710400807675819562e-03,7.081717912701588312e-05,1.159715196506575820e-02,1.328078390372126232e-03,1.705433530657125352e-03,1.314307919859990063e-03,3.480653260816748192e-03,1.726095567517177409e-02,3.286353430737740285e-03,1.865271330265898773e-03,7.055453203128566643e-04,4.946530478618314233e-04,6.692280244778776345e-04,1.826096973245784454e-03
6.189110151839634089e-01,5.982750952428218111e-03,3.483753043391178694e-04,9.130318464106745337e-06,2.534196821908393620e-03,1.191216018171468440e-04,2.950639880772412595e-04,8.544214710404290578e-04,2.848329156578765717e-03,2.546348379367595859e-03,1.852703095260165890e-03,1.285802465194871725e-03,1.316157812540094327e-02,1.868427460690944139e-04,1.528752283284851715e-02,1.175435436999423908e-03,9.662269718590101725e-03,5.675381274685877681e-06,5.827827812216161349e-03,1.295783375073966681e-03,1.853981401570041964e-03,1.890234504797381337e-02,7.011741661613466424e-03,2.099178599395575538e-04,1.995819192395384585e-03,2.193914662083695528e-03,6.527436212327474355e-04,3.586736845096670468e-04,3.434383136982613782e-05,1.996665410606857441e-03
8.379794807947237301e-01,1.144366195030426664e-03,2.634614349270114533e-03,0.000000000000000000e+00,1.019585319858317893e-02,1.839248153887691143e-03,2.762041595238217892e-03,3.996654324633690247e-03,3.750772079498485793e-03,1.520326106067306643e-02,7.846259080671468163e-04,3.997904221848824942e-03,1.904609874084779633e-03,3.101649432247039970e-03,2.867237316485490503e-04,9.942941779863532538e-04,5.793988057913855051e-03,1.716656933354519755e-03,1.113316090402756073e-03,1.183507081560856685e-03,3.194490651443044824e-03,1.283517679584234884e-03,4.334106194428186121e-03,1.098499716295762247e-03,2.536803344074913327e-02,1.222559633661573966e-04,8.284983249376778880e-04,1.094521780380630605e-05,6.942016399210831131e-04,5.101587117408321222e-03
2.265793359175410637e-01,1.319996936624726926e-03,1.171879886463932660e-03,0.000000000000000000e+00,2.608598983984210251e-03,5.402066299930262231e-05,3.647864445350801604e-03,2.674037846714377850e-04,1.820844665194700277e-04,2.876622697240736187e-03,3.308923218710729287e-04,4.164702077181938952e-03,3.502357698289652009e-03,1.813912171910449407e-03,0.000000000000000000e+00,7.956497520500840220e-03,1.117425177783279086e-02,7.099180321233403666e-04,9.350941741520058664e-03,1.989333504481626642e-05,2.892764916759104753e-03,1.930612757646182204e-02,4.826067080336178539e-03,7.929620370215884062e-05,0.000000000000000000e+00,2.126004806748963988e-03,3.408161619806652338e-04,3.800482560636097868e-04,3.175758908701620991e-04,2.026412130997309359e-03
8.338655814214011031e-01,6.036815162138709639e-03,9.187649925291392541e-04,0.000000000000000000e+00,5.598979268778628282e-04,2.028346710564269198e-03,2.854559113149917823e-03,2.535831675894955999e-04,9.073614543316524395e-03,2.516526314377237616e-03,8.506374801832370172e-03,1.205709147342578797e-03,8.371393477246472786e-03,1.126908030692173185e-02,1.917527203426729922e-04,2.107578944373895632e-03,1.045876586850691403e-02,1.499605407198692942e-03,1.837191491075228222e-02,1.139931884273246701e-03,2.967677232639729257e-03,9.856615718517432179e-03,4.375776776022861914e-03,4.507743772936238921e-04,3.223798374422904515e-03,2.543838463334872728e-03,3.535127035964318759e-04,3.728603965443916474e-04,1.373279756672992529e-04,1.814551973582587347e-03
2.881629257062144622e-02,2.864916628509680619e-04,2.646721921651669363e-03,1.983693808503458325e-05,9.845792516330283128e-03,5.356074175503359785e-05,3.856911496925260682e-03,2.945053856700764142e-04,1.088446789982082212e-04,2.784427748450939589e-04,8.774015263097598855e-03,4.572877423568306662e-03,1.058222170033623188e-03,9.988964890075894415e-03,1.073241931881820902e-04,1.567139290201634283e-02,0.000000000000000000e+00,1.471206841876733767e-03,2.959414230221741465e-03,9.308526442285345844e-04,2.964769714106567193e-03,6.134118016097198263e-03,3.752094957222232557e-03,1.743538988196362619e-04,1.514143943452232483e-03,2.055006214996876919e-03,8.933832748687737732e-04,1.002125274076331920e-03,6.115083359829243982e-04,2.232883803678839801e-03
4.219140337636394511e-01,5.878025928856073917e-03,1.333381377079378375e-03,4.303688654968393281e-04,2.678209363923318535e-03,1.730623183986871889e-03,2.821909479371465315e-03,0.000000000000000000e+00,8.412814717397487999e-03,2.847024823392468873e-03,6.512490730735089745e-03,1.298756848801027380e-03,1.360458081426199704e-03,1.162231569953873361e-02,6.990360756667157900e-03,1.103870430194980835e-03,1.068932856037731194e-02,1.319069662027860454e-03,5.823817606505977615e-03,1.312148374105420647e-03,1.681052382644628810e-03,1.935284595052257084e-02,4.364185138048971152e-03,1.981389591136276497e-04,5.876395723721083032e-04,2.101655109506593913e-04,1.685091059681548872e-03,5.515798633678439724e-04,6.917358873424500230e-04,2.066111673208754617e-03
1.880042944911438640e-01,2.476156004925584003e-03,5.754336894673021301e-04,3.632140575673244382e-04,2.630814688325257018e-03,2.572253354431364072e-04,1.481340637646835334e-03,2.305916006016778957e-03,3.080073840590560885e-02,3.932169739090250922e-04,1.333487884499825332e-02,1.418691692518151901e-03,8.993878763778334270e-03,2.495679820085589494e-03,1.351388503116309273e-03,8.051348721682326584e-03,8.193442727654895105e-04,1.873498139290056619e-03,2.180630699732220151e-02,8.389920713008805573e-05,2.812543740461723001e-03,1.748000938018180739e-02,1.547110866337280538e-04,5.724377289352826532e-04,2.092813778957879761e-03,1.977997794434998256e-03,2.089955868489680024e-03,7.268269732497640613e-04,5.050722830367110035e-04,1.645269912085157819e-03
1.978937717356915593e-01,2.595818478041958619e-03,1.352661713017552563e-03,4.758278570155929747e-03,5.463808327001569388e-04,4.631589294270524373e-04,3.774272976357633588e-03,1.074545349006668718e-03,4.341603319496849418e-03,1.843447541450658755e-02,8.526503874600464480e-03,1.425311391449515450e-02,1.314690073388031025e-02,6.949852020610278527e-03,1.254624065401680616e-02,7.228818760745664082e-03,4.730214639603889438e-04,1.099608633139243907e-03,2.297423755432789066e-02,4.048469981918749070e-05,2.758161154772521481e-03,1.361841296829714807e-03,3.764947403615141568e-03,7.029308749617679082e-04,4.713924532201498887e-04,6.513184534454604692e-03,1.407679663089470273e-03,5.637555452288616105e-04,1.144123455964825178e-04,1.942722120589119878e-03
6.324179855094519409e-01,1.305799656768479033e-02,2.675331900953085984e-03,3.988855437612192495e-03,9.492874414952504752e-03,0.000000000000000000e+00,8.579154338780505679e-04,2.300516011308463126e-03,3.287315195107901478e-04,1.805554895906488766e-02,1.325461321364527177e-02,4.909214516480517494e-03,4.585205231672369840e-03,0.000000000000000000e+00,1.473932091236072189e-02,1.689586848197335844e-02,5.550723448418739018e-04,1.406930495065595536e-03,1.209483118404668794e-02,1.026728350392332092e-03,7.082600655893488920e-05,1.779967301042208183e-02,6.284075761043145247e-04,1.099863591596816860e-03,2.080033562208078932e-03,2.394286253652217096e-03,8.751214795010399741e-04,1.975015607812538902e-04,4.976730760756662916e-04,2.233188515340606660e-03
1.957216048457964264e-01,1.312856804882338128e-03,5.677562607036906132e-04,5.888071510281483231e-05,2.657114049044919084e-03,2.056846261697577866e-03,2.858302110401238997e-03,2.303112494433319762e-03,1.878661330652350338e-03,1.185851238051611328e-02,1.400481737576076205e-02,4.153128815522294515e-03,4.849652520878820414e-03,0.000000000000000000e+00,1.314283425012529802e-02,1.122299227374598529e-03,1.063276458609492894e-02,2.038419222707538257e-03,2.144347915772124719e-02,1.324388035587867199e-03,2.831752514462508065e-03,1.125493461164905722e-02,4.567274229872291848e-03,5.814305845871546932e-03,2.047610103868660256e-03,1.265853184699424969e-04,8.417379912759199176e-04,1.942213524344248339e-04,6.342640663332731275e-04,4.557431734261898487e-04
2.446161755953135675e-02,4.652281928624907737e-04,2.462535205299630665e-03,4.590031762176008238e-04,9.879449777557279197e-03,1.827418129613348190e-03,3.141609714260432118e-03,9.092085745830913923e-04,2.220258512490997684e-03,2.987697042056694703e-04,8.327988118086522909e-03,1.861691169675320189e-03,2.909953646226505312e-03,0.000000000000000000e+00,0.000000000000000000e+00,1.205340758023041746e-03,6.390506662053260963e-03,1.380279517083019729e-03,2.951424810623999584e-03,9.948879540332667380e-04,1.699663608751277380e-03,1.052310477290302818e-02,1.799579407554665819e-02,1.867505675489184380e-04,1.934023119844008624e-03,2.116380719875358279e-03,7.511678613278836500e-04,3.277431779807920198e-05,5.181182994307874856e-05,2.181661594570142356e-03
6.339272097885428892e-01,2.538363938630454689e-03,6.327105747551597850e-04,5.044802187352191193e-03,9.800685309722344946e-03,5.725294302444659290e-04,3.503753784534272258e-03,8.365559761403015132e-04,0.000000000000000000e+00,3.242519800606327024e-03,8.463557185632089586e-03,1.082514569270601277e-03,8.785770095168210156e-03,0.000000000000000000e+00,2.497211475100214535e-04,2.053162176722000618e-03,7.112295067316132084e-03,5.197925770449908240e-05,5.680465586593831662e-03,1.269739425614854972e-03,5.136882610971382594e-05,1.868629514800836632e-03,4.568621448110910498e-03,1.400498465096947304e-03,5.033512859176018494e-04,2.400810151434481024e-03,3.772023355129974255e-03,3.802005358956537249e-04,1.332867047603772219e-03,8.270869782615008744e-04
6.421427776607270266e-01,7.877148420901321224e-04,1.311717765185688254e-03,2.876254554766661880e-05,2.870444734882017859e-03,6.024858347331450616e-04,2.846969184076056023e-03,3.870240347132070536e-03,5.906985089716362824e-03,1.924475997033454552e-02,8.817954473272628796e-03,5.365876741547062796e-05,3.171314203186141687e-03,1.159733150747830309e-02,5.338024843058553764e-03,1.072705152219769744e-03,7.524662266967178069e-03,3.879109728771834272e-05,2.056427585440167433e-02,1.285020253703929175e-03,1.712573264464987022e-03,2.038281591686247687e-02,4.030844604845551689e-03,2.860501979313443159e-05,2.036104037616746909e-03,2.187584827076543767e-03,8.817733575079972482e-04,3.186218824275901433e-04,6.720271108711091228e-04,2.007134153136738795e-03
6.326582330747447802e-01,3.939990887950571563e-04,9.038797127237039805e-03,4.101007486523044338e-03,1.003415264617487680e-02,5.783109192888622211e-04,3.541135931406540270e-04,2.312650229258049906e-03,3.917776459555108795e-03,1.741954735747299268e-02,8.278470742112754507e-03,4.112413581705110822e-03,8.730927927198888286e-03,4.186109946640595913e-04,0.000000000000000000e+00,1.790188822710302163e-02,2.112722871599093284e-04,1.709722401204938520e-03,0.000000000000000000e+00,1.010483603725335303e-03,3.093433402492462569e-03,1.485110209815293817e-03,5.736479091413785453e-04,1.095039937295205767e-03,2.444002365892424672e-02,2.793285984927090793e-03,8.496011588127660649e-04,0.000000000000000000e+00,3.710724022865009462e-04,2.019803355974477029e-03
6.294361564484105553e-01,5.880294305681450090e-03,2.552242349112179409e-03,4.049066991613910378e-03,9.444569670800831429e-03,1.735283989006300258e-03,1.823580304006013498e-03,8.178344646701705360e-04,3.044852610678197048e-03,6.195250418547891547e-02,7.124542921625695233e-03,1.235606617021815356e-03,3.240257684656819813e-03,1.213367628882851962e-02,1.566083301880472067e-02,1.102979171032899023e-03,7.571989045008029745e-04,5.953075505708263406e-05,1.071328432006695038e-02,9.775815690749789164e-04,1.625817621204822278e-03,1.080703880004269674e-03,4.427303851306791174e-03,1.112977672168702229e-03,3.473914864266989394e-03,2.669632759251523105e-03,1.004994836238575287e-04,3.512409099050098501e-04,4.706283300088239321e-04,1.990249135285388285e-03
1.238156770458312406e-02,3.962860316137955564e-03,9.145778957022412947e-03,3.962552031266499742e-04,2.638481379159139228e-03,0.000000000000000000e+00,3.335841632479352292e-03,5.746962736750293359e-04,1.968162211750505448e-04,1.988933224156333446e-02,8.387821996213320336e-03,9.711852378619289985e-05,3.683404244428472186e-03,0.000000000000000000e+00,1.134020485754685947e-04,1.812523011729620659e-03,1.619520994433249774e-06,1.907069016004882484e-03,1.848594155725203497e-02,1.166966301655871473e-03,1.562773606374178240e-03,1.636203492340256027e-02,4.609572126751396853e-03,2.253475786854798341e-04,1.949943084032919934e-03,2.006644542413926410e-03,1.737360405816861745e-03,9.641758009752612185e-04,7.262010357106539384e-04,6.721902802689826368e-04
6.227283294462118146e-01,2.701249598343854683e-03,9.011065378262303818e-03,4.872958715699815535e-04,1.114613795278262219e-04,1.164405784059290233e-03,3.518664463331313760e-03,1.169755775563468452e-03,3.228724877970268626e-03,1.149755379259875115e-02,2.025280747010994257e-03,1.566137560593148723e-03,7.907946645372872230e-03,8.068686429570732978e-04,1.008189005523748780e-02,7.133865867065625546e-04,1.003311156514538095e-03,1.667521982125230468e-03,8.772149122308423724e-03,2.295703921514761266e-05,3.062046174429531274e-03,9.672413942451003888e-03,4.587099939335727121e-03,5.827175540740205627e-04,1.989197228049847076e-03,3.346167176758400603e-03,2.408312873863090848e-04,3.234272235992433336e-04,3.108292358146400470e-04,1.993896550605416072e-03
4.316760487838862403e-02,8.943349708864395961e-04,6.268389640629015627e-04,9.796751580282885355e-04,3.106786695379547616e-03,2.231438379764768328e-03,6.154790545455383812e-04,4.212776254063639592e-03,1.506031273465278106e-03,1.206686903792980083e-02,1.375035689276100925e-02,4.078451661583798460e-03,4.971045392209984433e-03,3.882823325142868882e-03,1.277146985662246451e-02,1.074222316603733792e-03,2.998632175531791566e-03,9.800000924570164036e-05,4.987786459642149992e-03,4.897638210249112990e-04,2.801664318598292864e-03,1.146791249800259774e-02,4.564447844211561023e-03,5.676280487695035092e-03,2.048785721224216216e-03,2.655650421487340106e-03,1.506231461375155548e-03,1.848329845307026859e-04,6.255264452374733556e-04,4.935624787876706152e-03
4.161982348900008510e-01,2.604014320846162987e-03,2.426415533847004705e-03,6.038242696366604226e-04,6.899256754157423021e-04,2.061708082507400855e-03,3.538935731576981717e-03,1.036656016312310176e-03,3.595845312974496437e-04,3.251921874854724320e-03,6.243764804980913262e-03,1.028572556023605363e-03,9.274710474944550948e-03,1.134204467883955306e-03,2.741167788353507341e-04,1.018809944597695930e-03,5.164324839786954904e-04,1.542256830541159163e-03,6.029620199716412103e-03,1.244969998845608938e-03,3.006612381543163903e-03,1.027771886714094404e-02,4.590161930867011665e-03,5.296884582214464107e-04,4.923996961082148256e-04,2.395791911723023013e-03,8.379754904584458012e-04,3.781270209986763425e-04,3.006718981908042525e-04,7.452390008952414257e-04
6.248041242128673511e-01,1.209679468600126980e-03,9.375440720219462704e-03,1.058813899896789926e-03,5.572587146028627064e-05,1.349466408813470610e-06,1.060014014314697830e-03,2.469445870917176718e-03,3.917487974021376454e-03,1.204042499358659243e-03,8.707467852777608930e-03,5.748611931525187541e-03,8.723663440146271417e-03,6.858835702267522538e-03,2.374021235632868825e-05,7.635712998383851298e-04,5.716374770467073582e-03,1.413912120703358357e-03,1.222730877826918097e-02,0.000000000000000000e+00,3.089035211575408627e-05,1.287963668934511384e-02,3.051809039700695801e-03,4.333067651896019279e-02,2.090436243492250872e-03,2.389502897882875201e-03,3.528534371543032397e-04,5.886425173971072608e-04,1.665362938406323606e-04,2.086011746736447445e-03
8.309564666551763068e-01,3.189454673410560374e-03,4.389057428284415664e-04,0.000000000000000000e+00,1.811559448759742386e-04,1.133382253664154215e-04,2.882269461408357505e-03,7.724532271119507586e-04,2.164477102829377546e-04,1.748531140025475633e-02,9.598600143626050823e-03,1.727582561687278145e-03,1.325223832036160308e-02,3.209600500864217242e-03,8.171595396445590145e-03,7.194516657778601094e-04,2.808159652154249702e-02,5.949480229749245581e-05,1.153538321125524395e-02,4.400972219615223750e-05,1.890368359312058098e-03,2.427363420623210397e-03,6.759389225769804957e-03,1.447458595177324734e-03,5.157601899516857206e-03,1.685381865500366807e-04,7.027195787230014652e-04,4.076881702567442672e-04,6.980752164526608490e-04,3.760213867946674048e-04
4.594076885788808684e-02,3.970139881506221883e-04,2.428728802083016548e-03,4.095329539540253604e-04,3.604818167318761795e-03,1.794734057346457313e-04,3.137214196783740926e-03,8.909886374067053265e-04,4.992032093809268059e-05,2.998679003646474153e-04,1.773610197261311569e-03,3.850763317939964823e-03,1.998557680704428352e-03,2.151238445582521162e-03,1.004490762949848681e-02,1.215150984007973972e-03,7.274534775668257958e-04,1.360432060510664148e-03,1.132426323053114213e-02,2.470518764521045536e-04,1.701404985211544185e-03,1.092552553836943080e-02,1.764977192189668212e-02,1.054072723159983366e-03,1.935230795797946660e-03,2.585902005796461133e-03,1.524853886503952771e-03,3.861669674529246560e-02,1.573154576500237470e-04,2.085654751483464586e-03
4.371675424696693790e-01,2.629304535331706324e-04,7.070353206347605593e-04,0.000000000000000000e+00,2.489697269908731133e-03,5.602559905388449120e-04,1.522088659211688275e-03,5.469019272412630958e-03,1.760664534487968100e-03,1.527549444055890764e-02,4.368842336914232141e-04,4.995507926743351056e-03,8.319110446421890126e-03,2.997845705145176474e-03,6.367162090687287536e-03,7.516230730294523685e-04,6.364977093423178876e-03,1.474718544271643676e-03,1.264258513432097580e-02,2.487247351905068609e-05,3.000038617191894824e-03,1.557826167390307780e-03,4.699233216146510989e-03,1.111962012535592332e-03,5.772137355802519493e-03,4.042725064617165402e-04,7.008818498633374600e-04,5.961182439358414433e-04,7.724173993358528386e-05,3.658598208500070609e-04
2.103257363393432611e-01,1.925673182133799937e-03,1.122434897004046840e-03,3.735879376888782987e-04,2.460617197748607432e-03,3.662277625332640727e-04,1.500491254573198523e-03,1.419493584835658604e-03,1.351708800722412063e-05,3.197295359235683906e-03,7.461022320621660611e-03,1.279725912069751325e-03,9.584764333478681259e-03,1.123515292648730873e-02,4.364421592531388810e-04,1.176632695870581669e-02,1.073744280257113437e-02,1.286289063706885392e-03,5.552988983499913475e-03,8.181090635862387286e-05,4.743996542302801947e-03,1.996555282238959839e-02,4.574365265181011206e-03,2.572988105632814681e-04,3.296598415187799481e-03,2.124433862759925358e-03,3.338241972913407428e-04,1.967457058116935456e-03,6.820573875966831753e-04,5.645502020262009243e-04
8.481479271126927122e-01,2.553563997731884104e-03,4.637667631950863432e-04,0.000000000000000000e+00,6.938080867683593927e-04,2.048279583112235652e-03,2.851495208990912147e-03,3.962451393491691135e-03,9.426723650487300876e-03,6.155335190046616525e-04,7.303512533577381782e-05,1.213090206389012653e-03,3.521480393028099225e-03,2.148955134900287257e-03,3.181650954041208290e-05,1.397972458933099569e-03,1.014836690165472899e-02,1.915377680011818998e-03,1.995154814903924573e-02,9.808400587809976146e-04,2.865410022364858322e-03,9.830588655241008500e-03,4.566850752497352527e-03,4.530558462144578316e-04,2.406687839802548919e-03,2.213082920743497401e-03,3.722242315680701586e-04,7.609229265569986481e-03,6.158825439836524990e-04,4.881698382546428849e-04
6.344316237435699835e-01,2.541109407304130256e-03,6.411695080153847776e-04,5.066002523035702428e-04,2.535293107286672697e-03,1.708493375992690272e-03,3.514092517415193934e-03,7.868878358784862220e-04,0.000000000000000000e+00,1.868093319048249549e-03,8.034651798638180187e-03,1.265791093550253533e-03,8.833928338751325174e-03,1.786087266279502705e-02,5.183711655139697401e-03,1.993358512237284469e-03,7.098971459662989023e-03,1.000431801631001139e-04,5.480377306811028658e-03,1.267731236084411808e-03,5.702927464489032519e-06,2.230356405612081427e-03,4.568704101931020736e-03,4.644336235596297565e-04,1.148325772941250888e-04,2.387334086228974986e-03,3.772701687768728520e-03,3.807705518677985315e-04,1.318698220845542900e-03,8.128861362570660373e-04
2.273590908194662585e-01,2.592218371466717061e-03,2.604656384077287234e-03,3.256966815544193945e-04,9.966096655292902215e-03,0.000000000000000000e+00,3.366888845055912138e-03,1.039723279445101817e-03,4.172877801678768692e-03,6.212707151234744818e-04,1.351931359174047241e-02,4.985520429041389451e-03,3.267805092523948501e-03,6.586876454771578224e-03,2.210689145354773413e-05,1.039139944883331855e-03,3.850101187509325645e-04,1.553773686532126334e-03,3.373071090168036721e-03,1.078779961239411831e-04,1.432288982683467896e-03,2.910370248943687510e-04,3.078929781185102930e-03,1.296240707734302305e-03,2.125167721745081957e-03,2.384740350596415825e-03,3.495841672724323479e-04,5.729859677775631967e-04,1.365088834216430505e-03,2.087890704343139166e-03
8.252135260043367282e-01,1.056098816940720039e-03,2.466536650886849702e-05,4.397490934286521838e-03,9.297014968775638849e-03,0.000000000000000000e+00,3.454918747374673398e-03,7.936398238782474803e-04,6.082803569116316048e-03,1.907807218958865875e-04,8.825035452347456538e-03,1.764434832925631733e-03,1.255722835851265894e-02,4.337295961814317986e-04,2.097808696458272615e-04,1.410750087481040102e-03,1.148667731340087886e-02,2.369255893537971277e-05,2.069098330732410673e-02,1.544728175900340666e-05,1.606339907144123738e-03,1.315879746028880215e-03,4.058258152076670185e-03,1.566302785026131572e-02,1.950047468939055230e-03,2.246400971238851022e-03,4.112025507447032366e-03,6.872005188350100097e-06,1.246887286611545603e-03,1.826895079838737005e-03
4.291409192564817898e-01,3.933374966439417975e-04,1.254126108734226856e-04,4.593092396090178785e-04,9.542222497948418120e-03,1.861363398509732151e-03,6.056610359997821082e-04,2.418207747385348397e-03,2.167452221883850103e-03,3.009814665232962011e-04,7.084477206015352829e-03,1.725328631165216377e-03,2.854873105416455472e-03,1.878204245101409292e-03,1.207356630144786058e-02,1.264897046081793833e-03,1.251345452562619602e-04,1.475647143612161078e-03,3.052958993760308999e-03,1.391926192256997576e-03,1.212471827978070689e-02,5.843959666599427699e-04,3.762620864429262052e-03,1.630101469894853616e-03,2.319511310441235447e-03,7.762226420354524951e-04,8.778592713577872998e-04,6.368341106962967148e-04,0.000000000000000000e+00,4.278669602884020186e-04
6.407063239612055261e-01,2.512853684977873255e-03,2.500490234552691250e-03,7.678062405777698156e-03,9.892445761204586921e-03,5.660744601096484759e-04,3.292260435611436874e-04,8.218909695664954832e-04,7.047798602390921950e-05,1.943931547835117679e-02,8.965708853078730237e-03,1.754511288452420201e-03,8.810515295218587090e-03,0.000000000000000000e+00,1.517604160210504240e-04,9.906550895647115579e-04,5.843647896080069945e-03,6.810128053616351738e-05,2.084621106890342801e-02,1.606693563146811918e-03,2.319646497158669128e-05,1.883073481637277885e-03,4.032284972073680793e-03,6.539985027117709016e-05,1.985511618401809061e-03,2.192729320479902631e-03,3.697405857552724974e-03,1.628684070783295275e-05,1.286470507715728462e-03,1.863965996773886066e-03
4.321315927877894536e-01,1.303797486421194324e-03,6.214323011401593540e-04,5.944627057257397679e-03,5.623802140366932281e-04,6.591207266076963556e-02,2.892333801705924273e-03,2.384994260504039437e-03,4.159703291577018444e-03,3.105816594921959745e-04,1.382776189030235185e-02,5.004401288758690905e-03,3.365921291658199779e-03,1.832943460953880693e-02,9.145791319521111296e-04,8.208050776796069897e-03,1.027024465656206642e-02,1.898033584228483225e-03,5.556397641454029895e-03,4.640777424822855831e-04,3.083217585775160224e-03,1.704072143309803139e-02,4.635638848733395281e-03,5.662468889347644502e-03,2.094523055809608715e-03,8.207022606005866597e-03,8.810252046772461959e-04,2.203350368102840659e-04,6.039293311130054060e-04,7.331762424279738427e-04
4.377365248614082938e-01,3.447892006266464488e-04,1.370755540150563794e-03,0.000000000000000000e+00,9.664932108864592031e-03,1.089919800718590782e-04,2.865525475768935376e-03,8.560478828770104031e-04,2.648363735512650283e-03,2.689268065630701261e-03,7.012387087764196218e-03,7.430300008006308216e-05,1.343155865963976958e-02,1.665144427656950130e-03,1.514244333379930613e-02,7.417214668047908757e-04,9.453189578408131150e-03,8.496664848052762255e-04,2.078554363321091780e-02,1.298173027634975159e-03,1.671007615141018596e-03,2.373465062919511998e-03,6.187090254552870226e-04,0.000000000000000000e+00,1.988228698291130084e-03,3.518016525734542384e-03,6.767715905014769825e-04,5.569446419814870399e-04,2.794715292747874036e-04,2.011075765351483767e-03
4.155136605682783202e-01,1.239129700594096464e-03,4.804228525856102275e-04,1.087129652992427104e-03,2.437864084057347978e-03,1.343003765087306175e-04,1.184304331449194001e-03,4.627321217633846920e-03,1.652651283659311091e-04,1.580068919864346944e-02,6.486159118109176974e-03,8.140564590208489160e-03,1.414464299234046568e-02,4.389738489405408360e-03,6.935780085523313154e-03,0.000000000000000000e+00,3.244546765484883008e-04,1.343592956927791137e-03,2.042102894178488698e-02,9.820467885686228176e-04,1.460328731238484581e-03,6.003651120031630942e-04,4.668734583415042744e-03,1.647887786546899016e-03,5.967280559971734934e-03,3.152756885018315192e-03,7.075687658381116761e-04,0.000000000000000000e+00,1.292871988537167612e-03,2.262941113153084209e-03
