0.000000000000000000e+00,8.884333199713108364e-04,3.061796860050100023e-03,1.105725893330317816e-04,1.166666575006990170e-03,8.898228964257317870e-04,3.385409634689726804e-03,1.192474852471978432e-04,3.792538853261984318e-03,9.978718190529122997e-04,6.354868798113906189e-03,2.604628111782278203e-04,7.672277371545967953e-04,5.414785995215598601e-04,6.049476454473977794e-04,4.307075108184553464e-05,8.685359277500100941e-04,8.036895997665279012e-05,2.044919265868573241e-02,9.106887659494529441e-04,8.877872056845074198e-06,9.005631266156676612e-03,2.187351117239768163e-04,1.253058632987497523e-03,2.726570487641926180e-03,2.161988627160791720e-03,4.648184052983639694e-05,7.463782402353952858e-04,9.195803027555146322e-03,9.301479058518288606e-04
8.538296361742205853e-01,1.957874343202748411e-04,3.487050994508620206e-03,0.000000000000000000e+00,1.409211229221325572e-03,4.646139762175399701e-04,1.291434139556939080e-02,2.737225437781999268e-03,7.940533996997477684e-04,5.671554175600262288e-05,7.745691495349585863e-03,4.330291011468692317e-03,9.414274617531998013e-04,1.405385664089695659e-03,1.242446013980911829e-04,3.400741478021624331e-04,5.004993093115946547e-05,2.758538758368684306e-03,2.114827103744588987e-02,4.733830542135613814e-03,8.338888118615908358e-06,8.505275888236314002e-03,7.722875740285445063e-04,1.111765436779247988e-03,1.647265301538782412e-03,4.888780071240210901e-04,8.299264690360737967e-04,1.163172523091993843e-03,9.384841087871978460e-03,1.238700858965687338e-03
8.233835461742285977e-01,3.873115466514066851e-03,1.646618481160586501e-03,1.655570108971512674e-02,1.523221810154596354e-03,4.956650015513416885e-04,1.107490516471037849e-02,0.000000000000000000e+00,3.563738183455815098e-03,1.053967051791189231e-03,7.052479059088616331e-03,4.961775872743412127e-03,1.349487001447548587e-04,1.394949848595451432e-03,8.257891983740204211e-05,1.129994716213893148e-04,2.240825113345468753e-04,0.000000000000000000e+00,2.022350957155050893e-02,8.435422469258374925e-03,2.117931664629561436e-03,5.060820506035549997e-03,2.579267352836736929e-05,4.243430272978382378e-03,1.356322691837621996e-04,7.301899060554474779e-05,6.948276436323509416e-04,5.460176011659665166e-03,3.561454487266448032e-03,1.065097956598023868e-04
4.523938873585468534e-01,2.399044438586706365e-03,7.786993832312794940e-04,5.221850008256812004e-03,4.448369859674033977e-03,3.422150950989746366e-04,5.192859640830672571e-03,1.133244460809542048e-03,3.515072426308890260e-03,2.768296440617522020e-03,1.355518648001495519e-02,6.356671012161548180e-03,4.419033711781230472e-03,0.000000000000000000e+00,1.184081674392252405e-04,1.379352972565698362e-04,2.238619476867809849e-03,2.000835094814303397e-04,2.080208663065802321e-02,8.007508839246111829e-03,7.021211543230630313e-05,1.923694329319112009e-05,1.022185176574561503e-03,2.958915594167217493e-03,2.403554916774267849e-04,0.000000000000000000e+00,5.180087196494081309e-04,6.036163713240449329e-04,2.613802799532909093e-08,1.415490623031672736e-04
6.193643164394625478e-01,9.735984965051734533e-04,2.364527630359914562e-02,1.669392994803398783e-02,1.166032794637676413e-03,6.298750170064121301e-04,9.176185821747262147e-03,1.095643174912822439e-04,3.450839858336309830e-03,7.756787997790610348e-04,2.698173624779926470e-03,1.319617365909022408e-03,3.695807929030791271e-03,1.099847002048885735e-04,1.274149797686432615e-04,1.232054983869719750e-04,0.000000000000000000e+00,5.899769262803986059e-05,2.311815417855939830e-02,4.585766891430821321e-03,1.240386483484698897e-05,8.754927557525757353e-03,2.674092670831400829e-04,1.256862279787528298e-03,3.022473343272970986e-02,2.189009672932083327e-03,9.340893433755838608e-04,5.856222037736412422e-04,9.190670047609542787e-03,1.068306516678822326e-03
6.541648012092704523e-01,9.482204031953600726e-04,1.388644239123026144e-03,3.959886711745947037e-03,1.326395073954923093e-03,9.758375552142942600e-04,4.450002168302678862e-03,4.618266196670001459e-06,3.474663215111110579e-03,5.754643376787440482e-04,1.150516043163681869e-02,4.934032226036107888e-03,4.210664556036723856e-03,1.284778218032703312e-03,5.919570812386543103e-04,3.487648268117112590e-03,1.940180528267033912e-04,5.440783719639817606e-03,2.041649360106053204e-02,7.373593706610033841e-03,1.686130191878300509e-08,4.999362324249675103e-03,3.871668282260927289e-06,7.286741359906704490e-04,3.154045552318072640e-03,6.180362027983498665e-05,7.143204087587120502e-04,1.316009190623096880e-03,2.601976530609931195e-03,1.162970013710116959e-03
4.098419263077841546e-01,2.376093950310230810e-03,7.100484116802723532e-03,1.033619495214145676e-05,5.272635496081177348e-03,6.643930274073499287e-04,8.981044898303019303e-03,3.822194102839233769e-03,1.062925664597995715e-03,5.527593624474378374e-03,1.169331633051633526e-02,4.635265248381443409e-03,1.458097605068727539e-04,0.000000000000000000e+00,1.287955635982447177e-03,1.346688515128614209e-04,4.798876349869404344e-06,5.067306533325484569e-05,2.094340461080075946e-02,2.040584870992175753e-03,2.793667701891959705e-04,5.705320363886147829e-04,3.578134177252184894e-03,5.856948301414820245e-04,3.286249173910573210e-03,2.146752824852939459e-03,7.311353893626190877e-03,1.176061845002767357e-03,1.242508199771279014e-02,3.121340674306212980e-04
2.589821840737397962e-01,7.020139679522140706e-04,7.829659880972499042e-04,5.026411960891384416e-03,3.670448854130277448e-04,4.016340351234683670e-04,1.065980790099585289e-02,1.173741142786816722e-03,4.626878461210305908e-04,3.693633162787902068e-03,1.730355154146410524e-03,1.225553183432666728e-03,3.375226505966774822e-05,1.202840682765183525e-05,4.943006288102081477e-04,2.979505652276803664e-04,7.051832081817327718e-04,4.971267188159451261e-03,2.075514197022321899e-02,4.929788923258666619e-03,1.446410610473029140e-04,5.227716108132035100e-04,9.206572859474673829e-04,1.325345493726218671e-03,3.593441164510599974e-04,4.938191719106748735e-05,6.223270881836697778e-04,3.342395297914098513e-03,3.082841992877068983e-03,1.035295505477517143e-03
1.825274465962591908e-01,0.000000000000000000e+00,3.457957543932635696e-03,2.887820303490194924e-03,5.202848876118969408e-06,8.942626887916279525e-04,4.978901944146050390e-03,1.810905207642573081e-05,1.297428743903367718e-03,3.376625672745930430e-03,1.226820904921868682e-02,1.599326343903125468e-03,3.702668947129935783e-03,4.949212611482229143e-03,2.824234576360200788e-04,5.316725474436588875e-07,8.747812355088894478e-04,1.131094172879833193e-04,1.724136180220368908e-02,5.244953958131328732e-03,5.740995473710644968e-04,8.889077076232019398e-03,2.009010489460235510e-04,1.973397402832343869e-03,3.228203868352206348e-03,0.000000000000000000e+00,6.960647160326512844e-04,8.467843494650469094e-04,9.208429851484742704e-03,6.222566933937378943e-04
7.998504575100873204e-02,3.369342620518876730e-03,7.018642543919985724e-03,1.708974886973154556e-02,7.613351986118050904e-04,1.206843907488445750e-04,3.703293193775547554e-03,1.175926030849072526e-03,5.325911578613052016e-04,3.746192933212327911e-03,1.734979510598522005e-03,1.635618023490305111e-03,0.000000000000000000e+00,1.520062662534927070e-03,4.780498254246889705e-04,2.987936815691948512e-04,7.050718643423024151e-04,0.000000000000000000e+00,2.119571884557545915e-02,7.168649148292724482e-03,0.000000000000000000e+00,5.228380907080844601e-04,9.202172110833196353e-04,1.326055375479758425e-03,1.457664763909998634e-05,1.383792995869539185e-03,6.208515624637426372e-04,3.344251221219899078e-03,3.085012494512490676e-03,5.975096205842852148e-04
2.010613982921122533e-01,1.628890915988512279e-03,3.469804068575887968e-03,6.051346684004899144e-04,7.795137577060586541e-03,7.154914057351017230e-04,9.400524741929070643e-03,1.572780692589515546e-05,2.298806398569011589e-03,9.528644159203765798e-04,1.612810918743538130e-02,4.329764084726519038e-03,3.656274302714688541e-03,1.163804443098787316e-04,1.247397575810430068e-03,1.083462791250923386e-04,6.121756781300011132e-04,6.482730499288592158e-04,2.112528945297270297e-02,1.975089161517953711e-03,6.249409442277880158e-06,2.273540665611944143e-03,2.557698750351042544e-04,3.922961466375264887e-04,3.295813221347366085e-03,4.372660673138072085e-05,1.037978258068475418e-05,5.811020722452478124e-03,9.731845846399361441e-03,9.377369741648699684e-04
1.913814117338017706e-01,3.422349818776801444e-04,3.982919552873250349e-03,1.709445685822942596e-02,3.896221481953661935e-04,0.000000000000000000e+00,1.070517735305895682e-02,3.294546864823018513e-05,3.862182567777388501e-03,3.706363629539449062e-03,7.106691157434958349e-03,9.117940082976269678e-04,3.592182727506787205e-04,3.184685727302388053e-04,1.222097618804550249e-03,9.057820861224592573e-05,7.075736972268650794e-05,2.896331424598340247e-03,2.049500705923364488e-02,2.293101311927721580e-03,2.612505544155667675e-04,2.628779706922754200e-03,0.000000000000000000e+00,1.258661216935017370e-03,5.139983716418621354e-05,2.474257702615193996e-04,1.469835594493346760e-06,1.336874056528117522e-04,9.195201405710800094e-03,8.337654614028059200e-05
4.166420184675371230e-01,3.248201805758795229e-04,4.044740915871013372e-03,5.762440980869414087e-04,2.152205240095027977e-04,6.424269463347655196e-04,8.922951721305888428e-03,0.000000000000000000e+00,3.888410447767770041e-03,5.483956619534787087e-03,1.169865300596025469e-02,4.681464455932866746e-03,1.470208820389301606e-04,0.000000000000000000e+00,1.222044317770377107e-03,1.349360622219364489e-04,5.793255026954310721e-06,2.818144096407350276e-03,2.094040090551444605e-02,2.044312944234519085e-03,3.752175306051248969e-05,3.990606147114697869e-04,3.475367919309826220e-03,1.243340687299561561e-03,3.166369780117044355e-03,2.124534548171422722e-03,0.000000000000000000e+00,1.133365436577099452e-03,1.242793586084048503e-02,3.151950628597543960e-04
8.272193340143443319e-01,2.483216634216441412e-04,2.346545126310112337e-03,1.295517403603375917e-04,3.331137419926811713e-04,4.917839397679551637e-04,1.073473932619679536e-02,1.153822560054660294e-03,1.671010268612249314e-03,9.806261998701066435e-04,9.577410120839359095e-03,4.944775685296042347e-03,7.478011479019225664e-05,2.818066065600833073e-03,8.485977868370378875e-05,5.263862030071575368e-05,2.046655604542386075e-04,7.022213585737829139e-06,2.103368296221708872e-02,4.917842601978758901e-03,2.065742194822228197e-04,5.041176754373829540e-03,5.073761059993702534e-05,4.269175610197518435e-03,2.369802584404278288e-05,2.203910814947612328e-03,6.977344652640575171e-04,5.513843932087255512e-03,2.305951860701704881e-03,1.183276974832852494e-03
2.188258097327390184e-01,2.943460589378171441e-03,3.236107078251259858e-03,3.042360924155607972e-03,1.403012354899280242e-03,1.019177869909684885e-03,1.059273563584338385e-02,2.571344542884410750e-04,1.768304214010068837e-03,5.501067573167221260e-03,9.451400003697504534e-03,4.518062296925814438e-03,5.821023180369720718e-03,4.439011505783780828e-03,1.155441655483249166e-04,1.024758115254198508e-03,2.144948694749343013e-05,2.725911190795448150e-03,2.114142773310577136e-02,7.763299605160261727e-03,2.272505680921081531e-06,9.377041041148915027e-03,4.220330275860963848e-03,2.323169316210281846e-03,3.403197714057573653e-03,4.539122398726843245e-04,4.672020539647347027e-06,9.621871626720528495e-03,0.000000000000000000e+00,5.530677519706882683e-04
1.890842048233416436e-02,0.000000000000000000e+00,2.335049294179587006e-03,5.430549860356028401e-05,3.124098863951704080e-04,4.037091747881835268e-04,1.075185602162207973e-02,1.134027398156014143e-03,1.720395074966567239e-03,4.050919864661634007e-03,9.652343665755912933e-03,3.117174172379467371e-03,7.292393278438173763e-05,2.919738114918159037e-03,4.989920649764669923e-04,5.324835966351282833e-05,6.611408974166354180e-04,2.389796478568771872e-03,2.102623841006742017e-02,4.913237329240800408e-03,1.951688007762785240e-04,5.152775582193617598e-04,1.905109473560100900e-04,1.326973454581774955e-03,3.475888290597042851e-03,2.311616849922033638e-03,5.159223462408694559e-04,9.539435183271169696e-03,2.317822722266767860e-03,1.030163069053435668e-03
2.426664746927727212e-02,4.604342443903184376e-04,2.135168582633370504e-02,3.527800801614354529e-04,4.706787383906609230e-03,4.910162844314796063e-04,3.322471597786534267e-03,9.668649065511410179e-11,2.268481708141894659e-03,7.080344612480843954e-04,6.831412057307843615e-03,1.323326655596627870e-03,2.278548882701083916e-04,0.000000000000000000e+00,9.705537492484767677e-05,0.000000000000000000e+00,9.069092160109639041e-04,6.748764311227304323e-05,2.087193322910303045e-02,1.860455390883151809e-03,5.614849615472711740e-04,2.259053695371039411e-03,6.340196307500755310e-04,6.528810792832571638e-04,3.676147868975142112e-04,1.782436701989402569e-04,8.291409191528318831e-04,8.190451757901154447e-04,0.000000000000000000e+00,6.240612402109255597e-04
6.453134990780429181e-01,6.098745941080570276e-03,3.067726009996551984e-03,9.032334499838815672e-06,1.579982782737686473e-03,6.869104857008384839e-04,1.114177411907032490e-02,3.398464358884478796e-04,3.543553772579461844e-03,1.851604318937417675e-04,5.595179095040894030e-03,4.474949650109378424e-03,4.153513304647467146e-03,4.308627729849745513e-03,1.350847453653430106e-04,5.469566092604774766e-05,7.671257612446646468e-04,5.324607597465067085e-04,2.072118681955935349e-02,5.406567520500482268e-03,1.100391754819458499e-05,8.777918783715600234e-03,7.295010390338462717e-04,5.959585214466856917e-04,3.266529722276672286e-03,1.289203365324317289e-04,7.161121640735217814e-05,8.903611790708630593e-04,0.000000000000000000e+00,5.979182485513483570e-04
8.299998747051071657e-01,1.118936438118051449e-03,6.278554130866556733e-04,4.919761104252668056e-03,1.576981617920672398e-03,3.609204305940274279e-04,4.503229201091411837e-03,6.470556290364306955e-04,3.490534306166393885e-03,6.986712349516294336e-04,1.141935902076865982e-02,4.740488441276482535e-03,3.979539194086155821e-03,7.616149476267664205e-04,6.914204797696431662e-05,1.625841226937851589e-04,2.897513310430193702e-04,5.286097836488398097e-04,1.921131012268151653e-02,4.242348670254299063e-03,5.811810581179091713e-06,8.861344165948126933e-03,1.032852328128148036e-03,7.003455952335039831e-04,2.542034993727756531e-04,0.000000000000000000e+00,6.990850436939563366e-04,9.880314721955802716e-04,3.505051677565278103e-03,7.277715362478854742e-05
8.431706599625899967e-01,1.006261639922981840e-03,2.369979715011472782e-02,1.619556451719841861e-02,1.181055935352154753e-03,3.452394411064298174e-04,4.619466684972987208e-03,1.078250953465052732e-04,1.500925523183280295e-03,2.799063063167402370e-03,2.595119443291421697e-03,1.575384373873234874e-03,3.695623442499804904e-03,6.998793898786538148e-04,1.309759332389357270e-04,1.290298109836383043e-04,2.241066786554084776e-03,5.860857330955950630e-05,2.309107171790644036e-02,8.171095336271609264e-03,1.316791975553075798e-05,8.971601993443706693e-03,2.646352037882042374e-04,1.254406227537531362e-03,3.087531895341555366e-03,2.232855545786367659e-03,9.342910973491959413e-04,1.187722553797050315e-03,9.225586705177400010e-03,1.058273482835097408e-03
5.864783052878706771e-02,0.000000000000000000e+00,2.092917766021583099e-03,3.500647275601121745e-04,4.802107234898824253e-03,3.427766352767160378e-04,9.436501250853074341e-03,3.941042950782560825e-03,1.746700167611356120e-03,2.541013338531385168e-03,7.238660809178695463e-03,3.194467396058042578e-03,8.114261634188500326e-06,3.416144268612278552e-05,5.342309834450963135e-04,3.778259834829799052e-05,2.872610371438827229e-04,0.000000000000000000e+00,2.078936959856363814e-02,5.425134862619695152e-03,2.251401375460788316e-04,4.439316498725438560e-04,1.472271387639201810e-03,1.235908586345425527e-03,3.431077584273636676e-03,1.242341524713988727e-04,8.064131957898731029e-04,9.606078089480774018e-03,1.468606778316419725e-02,9.827711529777628493e-06
4.136899325448615827e-01,2.354432914040712962e-03,2.273353297795340563e-03,5.562469999566350596e-06,1.437599716187120368e-03,6.680720510705126427e-04,9.029882033481045553e-03,1.319673284163771880e-04,1.064765853754419444e-03,5.457128234065544183e-03,1.164696699215963215e-02,4.636639482966017564e-03,9.673290662494090156e-05,9.055260851786282872e-03,5.849092733559944088e-04,1.429331301936510347e-04,4.790439588207281609e-06,3.340823875311001775e-04,2.094411415569356893e-02,1.791509161039734135e-02,2.521329184878902548e-04,5.324478924477078767e-04,3.547463345921437593e-03,4.298989497705129519e-04,3.309406701482936822e-03,1.078558478026115297e-03,8.678749433456184499e-04,1.178146152375308476e-03,5.427016952887133566e-05,6.464656018279200033e-04
5.122829387588387351e-02,5.931508687993909207e-05,2.485843758912715390e-03,9.839382811598024279e-04,1.666877508124068848e-03,3.156310375635761924e-04,1.130172369154770068e-02,1.093357441507453523e-03,4.308338788013425010e-04,7.054772060748500367e-04,7.741066281026317240e-03,4.155768287937461856e-03,1.476508154892317015e-02,6.181081649812114436e-04,3.439773727902819644e-05,3.158892340933804467e-05,6.324460156033422358e-04,0.000000000000000000e+00,1.186470211705113742e-02,4.071280365544526977e-03,0.000000000000000000e+00,4.544224824327627995e-04,1.972482618702085886e-05,1.081552074663636766e-03,9.299006223524759751e-05,5.134198043927336134e-04,6.982426289998211553e-04,5.195070408402202231e-03,1.248552333826717349e-03,9.052732656782195002e-04
3.287972402003047634e-02,2.066202119429481118e-03,3.181207562267301427e-03,0.000000000000000000e+00,1.304152086175480426e-03,8.993423355295784285e-04,1.274433852944964474e-02,3.306625170266704050e-04,2.234624280081111240e-03,2.815148045197619041e-03,1.108195721543512625e-02,4.343537560293868338e-03,4.397063245222511234e-03,5.496966688248580354e-04,2.803995937535665737e-05,1.183839895243355258e-04,2.510469628635364665e-03,5.216847948288919762e-03,2.086802383865863850e-02,7.550789258503167248e-03,3.337112164027730108e-05,7.991348543468231036e-03,1.531030718115511998e-04,5.479054480842594820e-05,4.116074663327484902e-04,5.014641456900185024e-04,6.977316226121543698e-04,4.302853052613121905e-04,0.000000000000000000e+00,5.741152406814575533e-05
4.386681971819293979e-01,0.000000000000000000e+00,7.137442587207293992e-03,1.371318509037365270e-03,1.370545743128929626e-03,7.114443970020269429e-04,2.880418454457289723e-02,9.943343344459502908e-03,3.538390315242425678e-03,0.000000000000000000e+00,1.222897807455493140e-02,8.026860520473021697e-04,7.725821488045245614e-03,4.382956820303404548e-03,6.411879098208083045e-04,3.440144840657496456e-05,4.723536489454574928e-06,5.151804333863753763e-03,2.056503921007265048e-02,5.337307603006777659e-03,6.441629041628088494e-04,5.051470936250131855e-03,6.504028612481426927e-03,2.812164847442201183e-07,2.683379383614216407e-03,1.118801484972975621e-03,1.091429530086389160e-03,6.201458076612846246e-03,1.613788750771831320e-04,6.229485612992720486e-04
4.268522665346031753e-01,2.047931119301414638e-02,6.880814913902929750e-03,1.020880376669513950e-05,5.379918018963909462e-03,3.357580005145909940e-04,5.324388634288288770e-03,3.881268102976113098e-03,1.088240313364273199e-03,5.520808421735288497e-03,1.137604090798702804e-02,4.384662078604388731e-03,4.678447371635120755e-03,0.000000000000000000e+00,4.357908505214548329e-04,1.285474162294800420e-04,6.070975280962743028e-04,4.981984957800281860e-04,2.041699666319414866e-02,2.345322550367994613e-03,2.808103885192451401e-04,5.657523894125179517e-04,2.467457451091812064e-04,5.799493367978802343e-04,3.367032260362807106e-03,6.208867823084017468e-03,7.214797072210982209e-03,1.336837658765352389e-03,2.815669381750165144e-03,3.172547015416000895e-04
2.233078905567968953e-01,3.561662129672965235e-03,2.162298343588524383e-03,6.232781762206254447e-05,1.378037112138844359e-03,6.329939947092824877e-04,1.271201826260170802e-02,2.423870401510196029e-04,2.181235650195139601e-03,5.515336038160250157e-03,6.720680844578977645e-03,3.192293744381278966e-03,5.780826625308199511e-03,3.092133451851527279e-04,2.867283972905691324e-04,3.866425552621502969e-03,2.478403177652707332e-06,2.635619179542228810e-03,2.091769227140974699e-02,7.767836749483051327e-03,2.798887210244520047e-04,3.271621296819252284e-05,4.309841565008732528e-03,2.250185642051099385e-03,2.782346430231901098e-03,2.175305000425455451e-03,6.426998656202001330e-04,5.937177929453201983e-04,1.090390199562443773e-04,6.040961534034920959e-04
6.414470782010422978e-01,2.185185079055783006e-02,3.436157993068705840e-03,4.403245056482515789e-03,1.369444305854581288e-03,1.175063521560157018e-02,5.481764360990756466e-03,0.000000000000000000e+00,1.063860451314991261e-03,5.844685054491613550e-04,1.173873410680528750e-02,6.419041327263491810e-03,4.414002921822932426e-03,1.794590970254389623e-03,5.140656484390468341e-05,1.387724023664601973e-04,3.407491125957174717e-04,1.279608958627281184e-04,2.057242694896199708e-02,3.869051157388866350e-03,3.187677913498859761e-04,4.078325013390309527e-04,6.725865363982063165e-04,0.000000000000000000e+00,2.631760319088145145e-04,1.426029370216165115e-03,6.263563733262668236e-05,1.818621082787029268e-04,2.564519562237128837e-04,1.368383511979570210e-04
4.855819023576557480e-02,3.397675515438094290e-03,3.504085328749490403e-03,5.112572715436936380e-03,7.890021408166454295e-03,1.177924709764891116e-02,9.791023411667250029e-03,0.000000000000000000e+00,1.022826758881103040e-03,3.434510518666314752e-03,1.163097976888445052e-02,7.105710081081808259e-03,3.966103916519990663e-04,5.393514393158948400e-04,9.790232966590587359e-05,3.435436375690566050e-04,2.928111634947654952e-04,7.036427862268086839e-05,2.100663635588995160e-02,5.328992944058160049e-03,5.737319295989311025e-04,4.876127571070939734e-03,5.835359097833094956e-04,1.423944118083269195e-03,2.234049232263442822e-05,2.134225743939324217e-03,8.874211130129494758e-05,5.157795168829903791e-03,3.538498756485101288e-04,7.845924861647905800e-04
2.765047448413737730e-02,0.000000000000000000e+00,1.349649789186928989e-03,5.940234170193434832e-04,1.178699592661170206e-03,7.953225649651525682e-04,4.849031018795054229e-03,0.000000000000000000e+00,1.030955866672932271e-03,2.727269637690875846e-03,1.821594221107515708e-03,4.681378252262211048e-03,0.000000000000000000e+00,5.492938868180670745e-04,4.727951478028670886e-04,3.807697714338808046e-05,7.676907435992011116e-04,5.405175778306864180e-04,2.561979453906800333e-02,2.303291420893518668e-03,3.655344548892729053e-03,7.126475403392120225e-04,2.732094529199181562e-04,7.176632782631487458e-04,3.271004243043178997e-03,2.221805474366533449e-04,6.984193378064445287e-04,9.699591090387798403e-03,1.215452946275216066e-03,7.999095728504643720e-05
6.350155439821211223e-01,6.294258580984049556e-03,2.264985707426489525e-03,1.675047402213830638e-02,8.638381994723113438e-03,4.773884220826395955e-04,1.305994138030418597e-02,3.021442234946731392e-04,3.550224979016003510e-03,2.127543390122452541e-04,7.125694769159435921e-03,4.480277105841552927e-03,4.148716294825152348e-03,1.670723201461403809e-05,1.479929353133836029e-04,9.371476151598372856e-04,6.563803247840388835e-04,7.391036434697512928e-04,2.134177870819581324e-02,8.179838068301654302e-03,2.839507773796487618e-04,5.091439728815865852e-04,1.491469473126316161e-04,4.932680438319984092e-04,3.273571363798188916e-03,5.026893719113326338e-04,2.664826278731425441e-03,3.190845522186654473e-03,0.000000000000000000e+00,5.967445508902221836e-04
4.121594030551348209e-01,2.238914375388258507e-03,2.917168308373220120e-03,3.887396773424939538e-03,1.730311048089484436e-04,1.193588285871662047e-02,9.009553728366112221e-03,1.112589795739013943e-03,5.239296955692836124e-04,5.685915616126031857e-03,1.364856018193621144e-02,7.910971372650274502e-03,3.552089906193653564e-03,6.524715595026089106e-05,9.005662224245540321e-05,0.000000000000000000e+00,2.281375408038372604e-03,5.076163597116815918e-03,2.020043578478759524e-02,7.951120336662766130e-03,3.464488957653208412e-03,0.000000000000000000e+00,5.999600761280947901e-04,2.986237339719010394e-03,2.215059554907215789e-04,2.188593184810560914e-03,5.130689342940549782e-04,1.256963063420076529e-03,1.045965786534302708e-02,4.019518605845467246e-02
2.033873157204679205e-01,1.949385001097188406e-03,3.138979651250877953e-03,1.529283062131339341e-03,4.963657830228793491e-03,4.909911582102284219e-04,3.262541070961827439e-03,3.090864703667572369e-04,2.182695263238359183e-03,7.027073086652997061e-04,6.787474613274326225e-03,4.606530514644345542e-03,5.065127509041363746e-06,0.000000000000000000e+00,8.524212885532252485e-05,3.663622056221778811e-05,2.565002639175399494e-03,2.776843792622749312e-03,2.088464687606391909e-02,8.201912995984838445e-03,1.012551782948035279e-04,5.042218701583186732e-03,1.470398260434952614e-03,2.232700422801433410e-03,3.744154161809001933e-04,1.781856236218541103e-04,8.679978547148246501e-04,8.155393237211607709e-04,9.636035298741336616e-05,6.128631002497190658e-04
6.265576706382638417e-01,2.763244691977726191e-03,7.092195145357062247e-03,4.311044543391323244e-03,1.372030229121972691e-03,7.215087618153290727e-04,1.164048071829343247e-03,1.086552569265388478e-03,3.357074230373767627e-03,0.000000000000000000e+00,1.222999812156433039e-02,7.629974403945212653e-04,7.733967719598747355e-03,4.386536252046270914e-03,4.194177067569743688e-05,3.449455473731244046e-05,4.114317824324247573e-04,3.986753236790548322e-04,2.051973368941964818e-02,5.305353869017093160e-03,1.130952279194506608e-05,4.956516119419622848e-03,7.892195566429783139e-05,3.923638706219674879e-05,2.739032508367343632e-03,1.117414477948538553e-03,1.088190004763483392e-03,6.182003451285177781e-03,1.694286109088352643e-03,1.221041782577384806e-03
2.340073833146464610e-01,0.000000000000000000e+00,2.076060441765037543e-03,1.138428201658219559e-03,1.686277378509263777e-03,6.339633729675316163e-04,3.403274578073660524e-03,2.302422616860913193e-03,0.000000000000000000e+00,1.076427580221562879e-03,7.721064291914496620e-03,4.317108208360182463e-03,5.706738810560486180e-03,1.022585736387213043e-04,2.976761192576271847e-04,3.754860438989328993e-05,6.694792317782689460e-04,2.681201818929488702e-03,2.099648716204039270e-02,2.277071377717665435e-02,1.024909877298582476e-04,3.473179036028673167e-04,3.113763078103125390e-04,2.037104299712490588e-03,3.045866099279641304e-03,1.832290585393295289e-04,8.514157650523779004e-04,1.331379457334188037e-03,1.092207708913153427e-04,0.000000000000000000e+00
2.508310702773175471e-01,2.143071131717583754e-03,1.881849937811179950e-03,1.136687876173749379e-03,1.169919461917951945e-04,4.481858988137059504e-04,3.410754347599841488e-03,1.066766841178898913e-03,3.503690682008365424e-03,7.365125273083050240e-04,6.870049184747325545e-03,6.201222151041483298e-03,5.695212065272068844e-03,1.427633343221820089e-03,2.920941617458324520e-04,0.000000000000000000e+00,2.278226626279813115e-03,2.762398545887839382e-03,2.121988825578109000e-02,4.703474473340621929e-03,5.859247486052572475e-04,1.593527334205707235e-04,2.008077454001158213e-04,2.012739256568849867e-03,1.424435970368336836e-02,2.748367870358697806e-05,8.888471708265010662e-04,3.464080335985017176e-03,7.994961634439261625e-04,5.911526166386531786e-04
1.780415627065889961e-02,4.486818371298046402e-04,2.181255854328970761e-02,3.213012281128601634e-04,1.216423306696235145e-03,4.370695435315934303e-05,1.322159085331764752e-02,0.000000000000000000e+00,2.270781458439441285e-03,9.818390008974017032e-04,1.572893939450396850e-02,4.440783395310014120e-03,4.023309772507504233e-03,3.800895389417262640e-03,5.158877501757651784e-04,9.333386942686344587e-06,8.901750803985992305e-04,8.007471141867924906e-05,2.455533765323140993e-02,1.926382289599431162e-03,5.536615825195859500e-04,7.401039875513612011e-05,6.710045274271480729e-04,5.390641562203828899e-04,1.621504825942800265e-02,2.165628849617766069e-03,3.650306582305054559e-02,1.345628224213109205e-03,2.094186479854858590e-04,7.962783959119187904e-04
4.243965820190326310e-01,6.371622844441107714e-05,2.186750573279230402e-03,1.314874502684787840e-03,1.318299504949843213e-03,4.255554262107229258e-02,2.888405208701638055e-02,1.024858109517367416e-03,1.198504373018870976e-03,2.677157167713749460e-03,8.792426866601048621e-03,4.340246935584573217e-03,1.559627768046913804e-02,1.296354843292937212e-03,5.886998164922581725e-04,3.815583719535567354e-06,0.000000000000000000e+00,1.487166152729530941e-02,2.011292146675106376e-02,2.338665509750752214e-03,6.347101822582887831e-04,1.801296555130353118e-03,9.988871727854516970e-04,3.315403545042761545e-05,2.697525632138174367e-04,6.710801710408978676e-05,6.312017394940507009e-04,1.078147681330319380e-02,2.117351674595434699e-04,1.167028115977340004e-04
8.243204586567608461e-01,1.028257822660379791e-03,3.142794355672250302e-03,4.420229375238668608e-03,1.155207726578911728e-03,8.926753565169070342e-04,1.252513339226938444e-02,2.711195958426732520e-03,3.538705675885748039e-03,9.018346906929689769e-04,6.282718622896989701e-03,2.450050527241666833e-04,7.979797054604208587e-04,1.403579967540528450e-03,5.782890522287701968e-05,3.572809728650982357e-04,8.757017631272796809e-04,8.557896914419797101e-05,1.750263804685149929e-02,9.549394018611502858e-04,8.952912106151308830e-06,8.840355854614843564e-03,7.720280805067105800e-04,1.226045749362379700e-03,1.681723069397349831e-03,2.165586299240401282e-03,1.896579121481623172e-04,7.424462797016792570e-04,9.397578689228164306e-03,9.371773971384179383e-04
1.656928411130464962e-03,8.599436371000955016e-04,2.292949998006197938e-03,8.106906945723444421e-07,8.500293394411418367e-04,5.770766192790861707e-04,3.667041235879555522e-02,3.668715043897234282e-03,3.733315576940457285e-03,3.348892339299480020e-03,1.314639298985701213e-02,6.219194127228021892e-04,4.088574583244023591e-03,5.829170836610169867e-04,1.226617781560371918e-03,3.215870424287665778e-04,8.729054101019888181e-04,2.690098167075213528e-02,2.037160120493454116e-02,1.870329773170188031e-02,8.637993625839315829e-06,3.546991446496649755e-03,3.213999440158599175e-03,1.168234928573253428e-03,3.288278707392927169e-03,2.166316829698040902e-03,0.000000000000000000e+00,2.922641058533170192e-03,1.490203338512906088e-02,9.301537697650568955e-04
2.220055316586339034e-03,0.000000000000000000e+00,2.349774503805406468e-03,9.835588765008977316e-05,1.616829335095180085e-03,4.008363467793941634e-04,1.076305066782385494e-02,1.135296048486153508e-03,3.557648207281077345e-03,4.069524068160338195e-03,1.367141243585969293e-02,3.285621001171004120e-03,2.076454169348783407e-04,2.891579891086138495e-03,1.245382489566210986e-04,5.282201242960375681e-05,2.279183756489896497e-03,2.500395643919321384e-03,2.102699000965237847e-02,7.985556715981036169e-03,7.154952783195666591e-05,3.007978562809108690e-05,2.351159993328451412e-04,1.325319058919384712e-03,3.502612416338535695e-03,2.263766332219997561e-03,5.157270813732023427e-04,9.610696370448390882e-03,2.851198074258279314e-05,6.193563197809200029e-04
9.602476576996699098e-03,0.000000000000000000e+00,2.615362792092016525e-03,2.876264644428331782e-04,1.022209148139283010e-03,8.688703698362254405e-04,9.463818305194535152e-03,3.991144005085110573e-03,1.721447143951851822e-03,8.909889985007236196e-04,1.143004442336235417e-02,3.080710524348444397e-03,4.448220936896613801e-04,2.815666067884661740e-04,5.840246538713327745e-04,3.319859481060853570e-03,1.132878648891886978e-06,5.504749841926488349e-03,2.109742052050269864e-02,7.981465610325085697e-03,2.374690397408461655e-04,6.144122983011166082e-04,7.589813702314382156e-04,1.066010868949729276e-03,2.409066165692662787e-04,2.386847327650798520e-03,3.974060023956864016e-04,9.833372140351753603e-04,3.615431954065304043e-02,9.539965457512618145e-04
4.351195203261093436e-01,2.199217984438565227e-03,6.658829378302658086e-03,3.409426063688025896e-03,5.061325713164237201e-05,3.151572155326689065e-04,4.211263057588841494e-03,4.338208361973228816e-03,1.043650166280136928e-03,2.593805199784542451e-03,2.362433652128950040e-02,7.362968439607229208e-03,8.625328917616730245e-04,1.353525001904709417e-03,1.017922912006102463e-04,6.185096826072492048e-07,6.649962458691646011e-04,0.000000000000000000e+00,2.113783333256297886e-02,4.976815340480244577e-03,5.281883398660959517e-04,1.989160525021789298e-03,6.093738725492950457e-04,1.003233204267474539e-04,3.384066376639655038e-03,2.161552293881270626e-03,1.080638791436120338e-04,9.487539441650899574e-04,6.390423993502406322e-04,3.494223344293445718e-04
4.415852168610515660e-01,6.089431206679562537e-03,8.220034275854882534e-04,4.212673660689783702e-04,1.547113319277185119e-03,4.805935271532557618e-03,1.073984244104354141e-02,2.819988758853092612e-03,1.161054913960908814e-03,7.192965042195677023e-04,7.515484567698949708e-03,3.861808811804318640e-04,1.464933175178024551e-02,1.330793095102088784e-03,0.000000000000000000e+00,3.259782859768960693e-05,7.145617575746532422e-04,1.576323291494222123e-02,2.048572184392350934e-02,5.585017762769126787e-03,2.188516516921538285e-03,2.227610516348970185e-03,3.071149084150479784e-04,6.521950735464081663e-04,1.503783284983251697e-03,1.770875096079991716e-04,5.823889254941420901e-03,8.767415195910762196e-04,1.404088441644468343e-03,1.512952261679405708e-04
8.326742704993739252e-01,1.232937647378699181e-03,8.920146372661489232e-04,5.171869479590310119e-03,1.530965101165829853e-03,1.383325984940367293e-02,1.122315937525518621e-02,8.986397948701289049e-05,3.679038752835290128e-03,7.145681526608159070e-04,6.050341508738637901e-03,4.760464041094927649e-03,8.181665240478686735e-03,4.539091542323082581e-03,1.244600222805893042e-04,3.850058031264905683e-05,7.156821675354451892e-04,5.227422831730073717e-04,1.927449539403428697e-02,8.086204744240464010e-03,0.000000000000000000e+00,4.779553757276872906e-03,9.878542864858181737e-04,7.850881911926641064e-04,2.691704956047927515e-03,7.182347148304769240e-05,6.959620149299114216e-04,5.203895297614693355e-03,2.235133787780356832e-03,9.457591109569511289e-05
2.456500286511573705e-01,2.084697958554072861e-03,2.078911031543255981e-03,3.627287843550794626e-04,4.888393010042541009e-03,6.365399884976464607e-04,1.102234945879492639e-02,2.714903397833946623e-04,9.009784258301855447e-04,6.988062426321875117e-04,7.104757009631081262e-03,4.445698950213083228e-03,0.000000000000000000e+00,8.630261931357053457e-07,8.451944415448147210e-05,3.664065112594729642e-05,5.898171170685331116e-04,2.777083146895959441e-03,2.100525673199063817e-02,5.471119627244874078e-03,1.014462257330513010e-04,4.499729300307679820e-04,1.501655357422605145e-03,1.235405089820445970e-03,2.756405469378619272e-04,1.092254819667253310e-04,8.045600699343406076e-04,9.610780082037046618e-03,9.632162579226356434e-05,1.874107715114453837e-05
4.195898171273569899e-01,2.117555290714564532e-03,3.213785000754460983e-03,1.391409613061801113e-03,1.304071562408067562e-03,9.030297272815222950e-04,1.260651693095746380e-02,4.129789120905968426e-03,2.389130514414604823e-03,2.858887447446604568e-03,1.097839960951918319e-02,4.461805480188144567e-03,4.303518866082924228e-03,6.678300057654805487e-04,6.681475553835283495e-04,4.800324389724867116e-05,1.391010925211094620e-04,5.215924176434130581e-03,2.086978138262334664e-02,7.378161490782888556e-03,6.798990612065223572e-04,8.496769453339459224e-03,1.413637883014487841e-03,1.420005924664831908e-04,5.219124001802147306e-04,5.015886478280529980e-04,6.822376827032376181e-04,4.478504941908473323e-04,9.270102440337879557e-03,6.871572753361584757e-04
2.072355432978293943e-01,2.004138838093082707e-04,3.240552631058471380e-03,2.685889850751298734e-03,1.332683487285285127e-03,4.890264961021589633e-04,1.310146423324472231e-02,1.130570346534836212e-03,3.920041683558800685e-03,5.835721555889887384e-03,6.722770772225968375e-03,3.309150509546715004e-03,8.161667985761224438e-04,8.675356701498129069e-03,1.444087625238678904e-04,3.837793827570881548e-03,4.909107639053425341e-05,0.000000000000000000e+00,2.091008835933329604e-02,7.918900293218575706e-03,0.000000000000000000e+00,8.804729508086226591e-03,4.001750430249029862e-04,5.315768770975969927e-04,2.897162472257229417e-03,5.327964303314304149e-04,2.669520299288032929e-04,5.747212092687179787e-03,2.028290688491788188e-04,3.367580245880222008e-04
2.305784754932902192e-01,1.941644332533800591e-03,3.173285682259307725e-03,5.110430478041896873e-03,1.668173650094938610e-03,6.345916831637856293e-04,3.075899717988504149e-03,3.035472666911764525e-04,2.156175589640096056e-03,1.062933902624223909e-03,6.831212803033446732e-03,1.321800814718634498e-03,5.756353075697225041e-03,1.051163342107327254e-04,2.950621217647118270e-04,6.318074269476202197e-06,2.576032665667241615e-03,2.725289566690014889e-03,2.088387749506790889e-02,7.866699699915578187e-03,1.013853273305723483e-04,3.310568190846100160e-05,3.192722481648587818e-04,2.284273801333123414e-03,4.158797155713290453e-04,1.939224033717697063e-04,4.966450811523984805e-04,1.282775318316388760e-03,1.097285805689184648e-04,6.093534212390207478e-04
4.332823182146414154e-01,3.495988346698276211e-03,2.200157187137177610e-03,4.934609952972668942e-05,8.189803091744071815e-04,7.870424852308203177e-04,3.567896456958669776e-03,3.652940822358474639e-03,1.444427433583948556e-03,1.140569559623277321e-03,1.744099137920706796e-03,4.859424375166379942e-03,5.543006764822280656e-03,2.298009136999200341e-04,1.214780709487702469e-03,3.321838354733808543e-04,6.575800750295610064e-02,2.617657808997056468e-02,2.041726422587906639e-02,8.307579594251868899e-03,2.504216465789201995e-04,1.173703033022598444e-03,1.319572631861577793e-03,3.769271147280308428e-03,3.381675881886046179e-03,2.105891372237989924e-03,5.096650711902021369e-04,3.011021067379163890e-03,1.523351380832480353e-02,2.276927390986219733e-05
4.432485515923337838e-01,8.447049742298790020e-06,1.265963344047035116e-02,1.599038693457405930e-02,9.367657756222732158e-05,3.291225277173063742e-04,1.140212176386205464e-02,1.164184746195629123e-03,4.112023959919163928e-04,7.280779302236009901e-04,6.819350683815107901e-03,6.192578399330072279e-03,4.926287734082542696e-05,6.210617193702922933e-04,8.065152399471488460e-05,4.651673762156355221e-04,3.371773868115718960e-04,1.323878349084258203e-04,2.517590764273285042e-02,8.163361415778168026e-03,4.897879677244975326e-05,8.217981789619951201e-05,2.746901925737522607e-07,4.814735816188469783e-03,1.340411452000993123e-04,5.049919874797288363e-04,7.117667715015037026e-04,2.002936025237675747e-04,2.386457723014320104e-05,9.374241832694785474e-05
8.362090440006616499e-01,1.364397372966576726e-04,2.259023707936673453e-03,0.000000000000000000e+00,1.407805329855567594e-03,4.646680145959918452e-04,8.688046532765437285e-03,3.746407991186299479e-03,7.918514654569607262e-04,4.238640592281277958e-03,7.785860787273491540e-03,4.334566686800098330e-03,8.920124285239092524e-04,1.401918103695039362e-03,1.294899615600426067e-03,9.547174042438420685e-04,5.075319400808777292e-05,6.879272772804480209e-04,2.135122474232934234e-02,4.731991522810744845e-03,5.549158627194642358e-06,5.521571103846087403e-04,7.764439186859254348e-04,1.177448965567430041e-03,1.649292663823949704e-03,3.776010829365947989e-04,2.682659444713692085e-03,5.173203183788267073e-03,9.387717307031839473e-03,1.307746607903635888e-03
8.309851493168827208e-01,8.881248349715557735e-04,3.011549408630853197e-03,1.097618986384594304e-04,8.566333818990780336e-03,8.854014652006600731e-04,1.295619403138965377e-02,2.484353322159801782e-04,7.465480698118788071e-04,9.978281591700641478e-04,6.894747643744167896e-03,2.500743180860951474e-04,8.272257875780652733e-04,5.420314542316515341e-04,6.021042369343020464e-04,2.944323926171711040e-05,2.923259869541653300e-04,5.360252595444726432e-07,1.753106387221182658e-02,2.028891291129262739e-03,8.872628789508570131e-06,8.892076700508214429e-03,2.191025794519987165e-04,1.253001376439282855e-03,2.734574874245058757e-03,4.602766303340370506e-04,2.526642018971808016e-03,7.982434203445548659e-04,9.645283357387500825e-03,9.283631527598512926e-04
6.201736663778357750e-01,1.532119819764332994e-03,6.288618831547584422e-03,1.597726901757761872e-02,1.198621799368136979e-04,7.562187088842164256e-04,2.490575925141931025e-03,0.000000000000000000e+00,4.351986533994898175e-04,7.329650381832796989e-04,1.358067984195061861e-02,4.537642056906937213e-03,2.581704230399494825e-04,1.272763229322488188e-03,3.302100507928811294e-04,0.000000000000000000e+00,7.055332110005051172e-03,3.427931438902426936e-05,2.394737061357778141e-02,7.951379656860258632e-03,4.882797001944776669e-05,0.000000000000000000e+00,1.084771870927038386e-03,2.556151050522342469e-02,2.718529709760109645e-04,6.211660612993503972e-04,2.398475450684063592e-02,2.121309197692302240e-04,2.122036221589336123e-04,6.610148849326083357e-04
2.287346494422025645e-01,1.942801564756701550e-03,1.947593371315671507e-02,3.390174307215189191e-03,1.672068649183689089e-03,6.703273158137950044e-04,3.274631497349586064e-03,3.235148872623591848e-04,2.251785224663924688e-03,2.789528724256530069e-03,2.290091128205555288e-03,1.314330423052629225e-03,1.345826474961758779e-04,1.839949156841025855e-04,5.260556843382868750e-04,1.120176193048837512e-04,2.592617570198709614e-03,2.096545836575773071e-03,2.104336681465357115e-02,7.873723659072040873e-03,2.005964366063494892e-03,2.006023422778989776e-04,3.198638597209449170e-04,3.643255754781577274e-04,5.879157831262748178e-04,1.908695453047884981e-04,4.719700621130534118e-04,1.294121924582093252e-03,1.420390880620264751e-04,1.265598933134746929e-03
6.302483894479853355e-01,1.522590977659386922e-03,6.273714474749690628e-03,1.682317674038578958e-02,1.368807696157645082e-03,7.649802775986759909e-04,2.455990401962374753e-03,2.752177830986726227e-05,3.444873292907087679e-03,3.984135967786284899e-04,1.554740313974643795e-02,4.537476502447648080e-03,4.035684810844787467e-03,1.272458402963004076e-03,3.328202450175384323e-04,1.025585668250939854e-05,6.548418786180506407e-03,2.497859204212268466e-03,2.514780835517187174e-02,1.586737829990152518e-05,0.000000000000000000e+00,1.918104552078390285e-03,6.846134998361055966e-04,3.141511399811705487e-03,2.720497322757781111e-04,2.216585765459825382e-03,2.351680646390393731e-02,3.578122563140715036e-03,2.200118547300568511e-04,6.693752454415924456e-04
8.464314026386485779e-01,2.339566384192170653e-03,8.021902801893454008e-04,2.894385919174772941e-03,1.385621610583293202e-03,3.550454753312419910e-04,4.972989125684088713e-03,8.582515657333273512e-06,1.473449915387988439e-03,2.784635032902915350e-03,1.361388956924060312e-02,1.557964116917095587e-03,3.686404218144360978e-03,6.973117118779237344e-04,2.810015127946766372e-04,1.010784156608643403e-07,2.354344989325530754e-03,1.133543751091752608e-04,2.073082421912632659e-02,8.166021114490834218e-03,7.145508820061646045e-05,8.976729741818564173e-03,2.148548079661989911e-04,1.979087736302039338e-03,3.242077234498226719e-03,4.841598273213491344e-04,9.702136563161825426e-04,1.162016355984269063e-03,9.225522102368315103e-03,1.267900119232670585e-03
4.336247789124491048e-01,3.780384900587372820e-03,2.117196137091832686e-02,5.233059013661294293e-03,1.914996796980091270e-03,7.732198735155838788e-04,1.118470794471964486e-02,1.331774271789348059e-04,1.172606489226106540e-03,4.379501540268274616e-03,2.965792804621820641e-03,1.156881195925530802e-03,1.716215571328777358e-03,1.394364780372007182e-03,4.670034643845249892e-04,0.000000000000000000e+00,9.666433989699921292e-04,1.409494013316392490e-04,2.141232418209261176e-02,5.278595647023194212e-03,2.382361490674628486e-05,1.658931568034938304e-03,2.166158946251992511e-04,1.097043351263156602e-04,2.684721985409047051e-04,1.362366784434402775e-02,8.046877408145099988e-05,4.957032931386841021e-03,2.890323869175395050e-03,1.223090985746482949e-03
8.398423679280513365e-01,1.123016823111123432e-03,1.375397547485925727e-03,5.106861687057656293e-03,1.564668192678478386e-03,9.735556675720975078e-04,4.471215788890628776e-03,0.000000000000000000e+00,3.559767725704855723e-03,6.958504265523854544e-04,9.073885938015663691e-03,4.750214318876747922e-03,4.086339761344565114e-04,1.681237141613862269e-03,7.899304301844824042e-05,3.721144638106319534e-03,2.179893810973215361e-04,5.252123522773082887e-04,1.924094770324511622e-02,4.249031764144857101e-03,4.162130997942777347e-07,4.983805659684556986e-03,1.032931118520227873e-03,7.239155961156318970e-04,2.476373498806424579e-04,5.637128286605441133e-05,6.894926520112293952e-04,9.756663505601889837e-04,3.426473902469200691e-03,9.970720065332449439e-05
1.835352083838838744e-01,7.656243791961253597e-05,3.491732010036135980e-03,1.155714673973658093e-03,0.000000000000000000e+00,4.459952477134515592e-04,5.232271442488190330e-03,2.253572563432536431e-03,4.655232778590018879e-04,1.081581784420982024e-03,7.458315771927829900e-03,1.917547524067527136e-03,5.704595615431967345e-03,7.435040799064874346e-05,2.939952366046549425e-04,4.788057617237178546e-05,6.647351741065569281e-04,2.759496458681046441e-03,2.120183728407653428e-02,4.750083426796491808e-03,5.690613564726535248e-04,3.502178665838824503e-04,2.038024722572429667e-04,1.997962026034555416e-03,3.232236410664764224e-03,1.764127171541562955e-04,8.883803951125509961e-04,3.491161932406206501e-03,9.358590185074070616e-03,3.427643566900267987e-06
2.146765676745452933e-01,1.954706984497703477e-03,2.195278886720871368e-03,4.796282627964154437e-04,1.332637159016879539e-03,6.455905345766651052e-03,3.635845467655943186e-02,3.780689645437344468e-05,3.730402568162920641e-03,3.355149978077162642e-03,1.356305398034939741e-02,9.247487541808804834e-04,2.765723635152969595e-04,1.809968862578660315e-03,1.252545562033473671e-04,9.932804816551387642e-04,4.875085290824213158e-04,5.064296729756388379e-03,2.111238532844672902e-02,5.343277021136633685e-03,3.967663025578860281e-05,1.836725354703480986e-03,3.254415602608332243e-03,1.199005557605454814e-03,2.762437487836973907e-03,1.997041805861820597e-04,5.297585342968296179e-05,1.490580448584103053e-03,8.467091587170346573e-03,9.161446112792509880e-04
4.130298103618919026e-01,3.524031391746232193e-03,2.213064842288065513e-03,2.428372140602544187e-04,1.332631629232929136e-03,6.603885901210818088e-03,1.281489350346553743e-02,1.111265151468687588e-03,1.432353051074366015e-03,5.833691352566652312e-03,1.350918721991113333e-02,3.252559132397584134e-03,8.185858348964448767e-04,9.234382072356994708e-03,1.429080189339340320e-04,3.845921756475520654e-03,2.179788301929864819e-06,7.195327977532410383e-05,2.091749930439069580e-02,7.901236976815675939e-03,2.543468681389105522e-04,5.410912609745288258e-04,1.375344672652133345e-03,4.394316952923835650e-04,2.996228138160578550e-03,2.162627037269507224e-03,2.660973554900998919e-04,1.549608510887083785e-03,2.746418715349578654e-04,3.458774603012082505e-04
6.392899680893112668e-01,2.213474873948478253e-03,1.629645789428476243e-03,3.943983654180343440e-03,1.620136599679714408e-03,4.166022681632076973e-04,1.059824262916030449e-02,1.111706646849510219e-03,3.582031515464319509e-03,5.764370416086208020e-04,1.364851947439414161e-02,1.314391669060646119e-03,4.074601259901420441e-05,1.373379184544266246e-05,1.188402033782222296e-04,0.000000000000000000e+00,2.216045690983982526e-03,5.060603995856333484e-03,2.020330127992577690e-02,8.043585437088596884e-03,3.789244529995570206e-03,2.461818475093463868e-04,5.405759561303061754e-06,2.944630736742315756e-03,1.917877272192388869e-04,2.416579879366575784e-05,5.114522232486710908e-04,1.255979988770571446e-03,1.502687604626587242e-04,6.046968246738086781e-04
8.261878867540303206e-01,3.500199831323133007e-03,2.234642675140744317e-03,5.464759812203620029e-06,1.369474359233008656e-03,6.122071097289555515e-04,1.293149397125450788e-02,3.843763860261935079e-05,1.438526660394699079e-03,4.813055980671964752e-04,1.356005408036327180e-02,4.337307120531537323e-03,4.350329583745681135e-03,8.942552379797758660e-03,5.883092679299224649e-04,4.117413459161441830e-03,0.000000000000000000e+00,3.432915251722910887e-04,2.091727757351514311e-02,7.647117522472832510e-03,2.530769037424827330e-04,8.157856484701363903e-03,7.716579093836400342e-04,4.306852901897045014e-04,3.053383373038124921e-03,1.059590898539700555e-03,7.100460707294323865e-04,1.048866900062053612e-03,3.099211356754462496e-04,6.426611151451341961e-04
8.343117129059742787e-01,1.197736222369065462e-03,1.376377635231480941e-03,5.174240893882373592e-03,1.565258087141096349e-03,1.374171274847508541e-02,1.121772745986035838e-02,0.000000000000000000e+00,3.655111884882103306e-03,7.070917405280264557e-04,6.075418499404244485e-03,4.764866624263846759e-03,8.097711098161685869e-03,4.413698141946971291e-03,8.593201727788944960e-05,3.845668682129712066e-05,7.537191420470595784e-04,5.209153884455190731e-04,1.924047096046167110e-02,5.202538583918472209e-03,1.461589500264925582e-06,4.771621107608318285e-03,1.028675604292171803e-03,7.138864307131515072e-04,2.686173132294322231e-03,1.053585005591395514e-04,6.906438916017021987e-04,8.865716135340686622e-04,2.240021240713135214e-03,9.930303202347444272e-05
6.320283874609655683e-01,1.934817881913436077e-03,6.872852176775691782e-03,3.429467893515079913e-03,1.380998692587059136e-03,6.715591618544106915e-04,2.489779745727510683e-03,3.246746911240638508e-04,2.147572377166328053e-03,4.801145566630980136e-04,1.751915555774164260e-03,4.544502316677191157e-03,3.973453067009225480e-03,1.686693491860637249e-04,5.277531668212855727e-04,9.348382783670516416e-06,6.495572653891686261e-03,2.098406073729821436e-03,2.450514920763928808e-02,0.000000000000000000e+00,0.000000000000000000e+00,1.509980495183067253e-04,3.462480293281547687e-04,5.425487786541388982e-04,6.017147020970088330e-04,2.177154124241125789e-03,2.347724474553340365e-02,1.355542944286992728e-03,2.187681721997424651e-04,6.917879246120377809e-04
1.873274297680448675e-01,1.719637657929006837e-03,7.541008252096045947e-04,5.264813790585911972e-03,1.532628364592235164e-03,0.000000000000000000e+00,1.132700246446196116e-02,2.556151199272643521e-03,1.033918029811182809e-03,7.100489428924065295e-04,1.322264972571256941e-02,6.277555390600698254e-03,4.466914592253521180e-03,0.000000000000000000e+00,1.183526195182576927e-04,1.416465366922007370e-04,2.186128245344442535e-03,5.926046138135764030e-04,2.049516872784461208e-02,1.721951066971917372e-03,6.986444559029992185e-05,6.500041330612625623e-05,1.021221757738563192e-03,2.952349049744543933e-03,5.645880194673593908e-03,2.693512914090004763e-04,5.179512557117648070e-04,2.557109526843967875e-04,1.998460502499977906e-04,1.409573912727260102e-04
6.330803959374264878e-01,1.467789558451967121e-03,6.461896273875988687e-03,4.073436789203539916e-03,7.173165851904547566e-04,1.020143395495800784e-02,3.495328414801041842e-03,2.881872550240422402e-03,4.008606398145920374e-03,1.142962961235727704e-04,1.576126817389753021e-02,5.823691205936787352e-03,4.073210024528347087e-03,4.725522600354049689e-03,1.329366321566013195e-03,3.029382787007481271e-04,7.295932271160401189e-04,1.680461941630066736e-04,2.341428583020985221e-02,7.107405375749923163e-03,5.815037780770471019e-08,2.503467116332239520e-03,9.180146331095662745e-04,3.275763888192953326e-03,1.289879517547512944e-04,2.267656833993027688e-03,8.782055440606256758e-03,3.387593974402499167e-03,0.000000000000000000e+00,6.537793802597244817e-04
6.245841842326920190e-01,0.000000000000000000e+00,2.352657424206738845e-02,1.673138761449103132e-02,1.166307032817697669e-03,6.385304174706533161e-04,4.890675369720604536e-03,0.000000000000000000e+00,3.475545511630176616e-03,7.948823094600064587e-04,2.718237089586158020e-03,1.387840847286368447e-03,3.749466317573192046e-03,1.040455215866707835e-04,4.653599657597901063e-04,3.875732060776595730e-05,7.694682796362140725e-04,6.126223987531215632e-05,2.309514384576689602e-02,2.527136362161455912e-03,3.509700918388211979e-03,9.884403677644245344e-04,2.673522786013023990e-04,1.212568608655657581e-03,3.031764324799059163e-02,2.156589079998428009e-03,9.321206020620061931e-04,9.675890261633223258e-03,1.145307428567473966e-03,1.061260638403314872e-03
6.512033908557486317e-01,9.508550692212908249e-04,1.752776018123807303e-03,3.883453578541594224e-03,1.331362406988427765e-03,9.015118965050200909e-04,9.206364643346892987e-03,1.561270944857077146e-04,6.921796699716012153e-04,5.717512738968848901e-04,1.138650580467774100e-02,4.938720694685091311e-03,4.115540081568829812e-03,1.803607280221592498e-03,6.260539896744600095e-04,0.000000000000000000e+00,1.939986112186093303e-04,5.480326593294674448e-03,2.045054867779096813e-02,7.351743410752070371e-03,0.000000000000000000e+00,8.572208774097036035e-03,1.239008996265313946e-06,1.069167986830948111e-03,3.208613611073868506e-03,6.160839678291153698e-05,7.371162320823539669e-05,1.303547010094040573e-03,2.584081770787759365e-03,1.169306054027327265e-03
1.909702015026057131e-01,7.560883852185873097e-06,2.052576462260982063e-03,1.810554234093508102e-02,4.291312868120562233e-04,2.385480328936126319e-05,3.394806392041225217e-03,2.788691597638477161e-05,3.904366994512943612e-03,3.758878305569261086e-03,7.666321643948958639e-03,9.408886555307644037e-04,2.537763835093274217e-04,1.003745556046783521e-04,2.535393534124083872e-04,9.154798084755872800e-05,7.287404256361979102e-05,2.899407408392632758e-03,2.050062001471193371e-02,2.074187409113100941e-03,1.028096366715842660e-04,2.528935423034884850e-04,3.113041136095945913e-04,2.024761067233185087e-03,1.888252059862017239e-04,1.838173429390130081e-04,3.385708265923387987e-05,3.133452937785947967e-04,9.525019152615471496e-03,1.474733625037502323e-06
2.155855250759526054e-01,2.055582451472408312e-07,6.899002770199200857e-03,4.939176172982432181e-03,1.061590179773116809e-04,7.248298864894126611e-04,9.432483533632220196e-03,4.005343486926354023e-03,1.701881508308206864e-03,2.471601268645822521e-03,1.579102211647428339e-02,3.097278088211976969e-03,1.127770575288313025e-03,4.292074116367282886e-03,1.372104201581451693e-04,0.000000000000000000e+00,3.014413782408917894e-04,3.818561024278636874e-04,2.094073928907792467e-02,7.726233489883363795e-03,2.253217110447676950e-04,3.903956739980847523e-04,6.361097270481036242e-04,1.242893652167602163e-03,2.601826781354726371e-03,1.034453349687550140e-04,5.157551329427888416e-04,3.357900868203112302e-03,6.546519418338973481e-04,6.119922353817675758e-04
4.279071342460210037e-01,2.229574603243336152e-03,7.323913865427654490e-04,2.852594743297218443e-03,2.755516639112499423e-04,7.804322159591856045e-05,5.048133912759219556e-03,1.425199383270098642e-05,4.518826562043370921e-04,5.522880217795051935e-03,1.361329294581069445e-02,1.503246079323142855e-03,3.686868410861991827e-03,6.928542581297161872e-04,7.325939413353300489e-05,1.013898529138613081e-07,2.353896808039941668e-03,2.863968155793501086e-04,2.019674492807660773e-02,7.954472352918217845e-03,5.788193172669110417e-05,1.687479623737322618e-04,2.175759222617424965e-04,1.964611685744016480e-03,3.282140944607197814e-03,2.185818571855169517e-03,9.932623423910041851e-04,1.256147875957165736e-03,9.156634630676072431e-03,3.920217001817061231e-02
6.683432324133067870e-02,6.516750741559693832e-03,4.368358759033505023e-04,8.810459141405874509e-04,1.408161428002113573e-03,2.581361833829907623e-02,9.623683898985707988e-03,4.099255270964299175e-03,2.323498459011358666e-03,3.881187818637445077e-03,1.336701273607629990e-02,1.272257824214853648e-03,4.219287660073753853e-04,4.542450629529959372e-08,1.519164833808576531e-04,8.515633470694821544e-05,8.045009673106437876e-04,1.200153569761877679e-04,2.306922336835869752e-02,7.962351599131792246e-03,2.057341307014484900e-05,3.509251617496839375e-03,6.530051437046745840e-04,1.402369473657090427e-03,3.404819350258252424e-03,5.209103996044509542e-04,5.344034893530367428e-04,1.073041081949032902e-02,3.527563304428392270e-03,3.620272442368748737e-04
2.112570047000899565e-01,2.957774209694002867e-03,3.219200829223947940e-03,2.845407075060839373e-03,1.335249898524539652e-03,1.017841097157082307e-03,3.610482431060242116e-03,3.072913928510273801e-04,3.743318526467690442e-03,5.461579894442787457e-03,6.612806900513200185e-03,4.527505649573260009e-03,4.018818750548861299e-03,4.351954490230822842e-03,1.198632889833148177e-04,1.005470971464794520e-03,9.099986126276978903e-06,4.821331047736304373e-03,2.114423033292046894e-02,5.298583588444958498e-03,1.073614582017347170e-06,9.394212518460591174e-03,4.029223574310036339e-04,3.930948546192119392e-03,2.897199034882624175e-03,4.836529043189683385e-04,1.122412745900336654e-05,9.496349105960867967e-03,0.000000000000000000e+00,4.907779025710142049e-05
2.387723048741675624e-01,1.346083774596999044e-03,1.355892344544518818e-03,1.197055505296919578e-03,6.297121072468213863e-04,1.391735720131189943e-02,1.262228403956777711e-02,2.234157827758741829e-03,3.626983931341669007e-03,3.515887568208240534e-03,1.658894148906308805e-02,4.768033160009923360e-03,8.138605449064686623e-03,9.983035075733092019e-06,2.479191882633876437e-02,3.705831075400589560e-04,1.373588258237601464e-03,5.003872695568505058e-04,2.012376999901998101e-02,2.989720611955566047e-03,7.375144369813090885e-05,3.894766642720920132e-04,7.620590172556369587e-04,1.293791906011156154e-03,2.694683544473685122e-03,3.273062580402032185e-04,1.239172671831592718e-03,5.173146979041770392e-03,0.000000000000000000e+00,9.643390450771640449e-04
4.200670783286017396e-02,3.324719426677759382e-03,6.958842891937925233e-03,0.000000000000000000e+00,7.624124776904871734e-04,1.214600008333421768e-04,3.804933010422460998e-03,3.964143054796125804e-03,5.325028650440394567e-04,1.744120965032874837e-03,1.731736023719525905e-03,1.590870828392465389e-03,3.728791234863567251e-04,1.387499943040594120e-03,4.797013371850049812e-04,2.986066648035567484e-04,3.006121172365684496e-04,0.000000000000000000e+00,2.119156916849348690e-02,7.142034074723135027e-03,2.298059456324844259e-04,9.089797272438930077e-04,6.221945565513240829e-04,7.689513916405051053e-04,3.598873168674871642e-03,1.138968210243317949e-04,8.246737167179487129e-04,1.372293857479971917e-03,3.255896593911140197e-03,6.028752157999639483e-04
1.101259388030645381e-02,3.309885345875238864e-03,3.132279838649260247e-03,0.000000000000000000e+00,1.304138672788595493e-03,1.140786211559664722e-03,1.277031813937519120e-02,1.110896940070975163e-03,1.455711366912232308e-03,2.797335924384149707e-03,1.368596498602726516e-02,3.251025745071084092e-03,4.396255168877497878e-03,4.429377012689445165e-04,2.910778646613697035e-05,1.189296607610728230e-04,2.545664385560794229e-03,5.277969813705639737e-03,2.120179270284637887e-02,7.900772375562465158e-03,2.643366128578609748e-04,7.704583146480453726e-05,9.503786569722148976e-04,6.139792567802244277e-05,2.950722248359224594e-05,4.687741036355755797e-04,7.355075003387186346e-04,3.583896578854917601e-03,2.544038326719767762e-04,3.364796138977632872e-04
1.339662644714004550e-02,3.882742859137490866e-04,2.171542119583861827e-02,3.308189103286367748e-04,8.083862403664952845e-03,4.208439564267201665e-04,1.346533228024780759e-02,0.000000000000000000e+00,2.271796778488621195e-03,9.754242837277898696e-04,1.593772505455468003e-02,1.323712429925042290e-03,2.306587568045874361e-04,3.896733389258338551e-03,9.694187498685274008e-05,0.000000000000000000e+00,8.824534321962827256e-04,0.000000000000000000e+00,2.130340019161630280e-02,1.914479286606652654e-03,5.551161583681067440e-04,2.274507011707246115e-03,6.632561785507396033e-04,7.078141295317767669e-04,3.363127673084503107e-03,9.897744025338969082e-05,1.034173772048986665e-04,4.925635984166086990e-04,9.098797931301184222e-03,7.970589184584050448e-04
6.251702939755320321e-01,3.878070534138530669e-03,3.532789379550154048e-03,0.000000000000000000e+00,1.466650696258772974e-03,1.171753138883921234e-02,1.785214716598324675e-02,0.000000000000000000e+00,1.014749728168726607e-03,3.502873527591659694e-03,1.172883274786244885e-02,7.119198962224799164e-03,4.852104545572759049e-04,1.812512951148712590e-03,1.007238332810096683e-04,3.310868670616169164e-04,2.342911444865183684e-04,7.032701226780818118e-05,2.101343864558697164e-02,3.986662899111755726e-03,2.094274831731415647e-03,4.878704492192355649e-03,5.820459322085001731e-04,1.389011972677067904e-03,2.725392057845925191e-05,2.154683231628274406e-03,6.977054055983919652e-04,6.276575536931515258e-03,1.270724732398320796e-04,1.271661893062640326e-04
6.212908774953800339e-01,7.059834839167776141e-04,2.121296177729418801e-03,4.413895394469424501e-04,2.920265322568348781e-03,4.124880223265535006e-04,1.331504014395381262e-02,3.875487815889489592e-03,0.000000000000000000e+00,3.678297818738755689e-03,1.151899324272030213e-02,4.386876940329834454e-03,1.140314895892650428e-02,1.400520803367898397e-03,0.000000000000000000e+00,3.545340483041487846e-07,6.308968640039941487e-04,1.529024113965372564e-02,2.043133917522968815e-02,2.131140375342104043e-02,6.809370099630118094e-05,8.203024656447900978e-03,3.016658633217768120e-04,2.040039135470165035e-03,3.269665609634198316e-03,2.164958660368324073e-03,2.837938278259992224e-04,1.330746649469528777e-03,2.884117353503099033e-03,0.000000000000000000e+00
4.153368774244009520e-02,0.000000000000000000e+00,6.522801103313851778e-04,3.424305092593509566e-04,4.252931231080891994e-03,3.422132085205051820e-04,9.462531749982180246e-03,1.116666023518092738e-03,3.473237758418744152e-03,2.540502161614013876e-03,1.150743323598448983e-02,4.405816998798775357e-03,4.175514542137406110e-03,5.577942343149586233e-05,5.342840890532947907e-04,3.784470566144637583e-05,3.176279113371539755e-04,0.000000000000000000e+00,2.144003563647242649e-02,7.087258126759550698e-03,1.222831858843324165e-05,8.237728653459688855e-03,1.017151703479440275e-03,1.241115919978300888e-03,3.803501298169122136e-04,1.282307273016297937e-04,6.957821598414173784e-04,9.654363850026131955e-03,3.042470111760303512e-03,8.247806110453186740e-06
1.870668604604902585e-01,1.758953157695148338e-03,7.729384339684883471e-04,1.786536827638784269e-02,1.533564965269925686e-03,3.326671766974145447e-05,4.068929028870809164e-03,2.701492122480166416e-03,1.025953987288737547e-03,5.403007013007033420e-04,1.361544374533810685e-02,6.277848320635012400e-03,4.486585364549003363e-03,0.000000000000000000e+00,1.182150320619190570e-04,1.412079754261161995e-04,2.175324157500554013e-03,7.862580128137959968e-05,2.049963146864584168e-02,1.461393191079036341e-03,2.624909350299479342e-04,5.177739346385028946e-05,9.256444836531210144e-04,1.471398426961665088e-03,0.000000000000000000e+00,3.361133545211743789e-04,2.745486461604432953e-04,3.296742593734477457e-03,1.982785249414922130e-04,3.489940681862227674e-04
6.229725028904102846e-01,7.942008606869427291e-04,6.944076370034611007e-03,0.000000000000000000e+00,1.323880342112546994e-03,7.114264577989732382e-04,9.596257734415625934e-03,0.000000000000000000e+00,1.185243443645642245e-03,1.742416592144325864e-03,1.143693865625816132e-02,4.587287722058042486e-03,4.394744829739963277e-03,4.370126282514786090e-03,5.279844748929721741e-04,0.000000000000000000e+00,3.398368623580192392e-05,5.016964541278822604e-03,2.054831575118113221e-02,4.934829881126170242e-03,2.282836003114826757e-04,8.474937323512196294e-03,6.203158724067325477e-04,1.194390754702020097e-03,4.418802404383583363e-03,1.061995132939527048e-03,8.557163993033648592e-04,1.497495377547005541e-03,3.530805360105830279e-03,5.540342598730582549e-05
2.024532046311552369e-01,2.803215118331677316e-03,3.497174737951355000e-03,2.868084789962469482e-03,1.412153019847111344e-03,1.007445885073702304e-03,1.231085778096776065e-02,2.748872424923092667e-03,3.723972722771488365e-03,2.056904165131929856e-04,6.627726741043481369e-03,4.335353649465351414e-03,3.890476990032303885e-03,1.163994820039878243e-03,1.198282637693692397e-04,1.017892824210991833e-03,5.011713203447338292e-05,4.814454694917376376e-03,2.114806385528452889e-02,4.724613683549234479e-03,1.545112358117210276e-06,8.486086073409677966e-03,7.952198223343615252e-04,3.970064537767908040e-03,1.688390011787046716e-03,4.887991604278626653e-04,3.848445302890944998e-05,9.510956365737833346e-03,9.343074064228370709e-03,1.238492163609683852e-03
3.685410518263992907e-02,2.434750909130616557e-03,2.480615824744840381e-03,6.144067797621393864e-03,4.184086994993232826e-03,7.812649190277159549e-04,4.566590087093078988e-03,0.000000000000000000e+00,0.000000000000000000e+00,4.628964571806423235e-04,3.071722542748827906e-03,1.385303682888930354e-03,6.020639536288045594e-03,4.304052830956837244e-03,5.035120769416334165e-04,6.949008065859543087e-04,1.072072893678901150e-03,1.472236986910618038e-04,2.102884195760129638e-02,3.393780312168272889e-03,7.003808316733161927e-05,1.946429479715923406e-03,1.362030200566058684e-05,3.947521223298379955e-04,1.124190057786671887e-03,2.039696918683644479e-03,6.584054813089605239e-05,6.344751598707639925e-03,9.262706922004416282e-03,3.460951877637112486e-04
6.453161428660286747e-03,2.236472222685961103e-02,2.148422297062121521e-03,3.684215070488168486e-04,4.733851492375509146e-03,8.306355867751416371e-06,1.092745110371782374e-02,2.330402101915323484e-03,8.306712744575513608e-04,3.666595190155898763e-03,7.118756256430087623e-03,4.442750711052238441e-03,6.966076450821589126e-03,3.002289131909387926e-03,1.299174497846142538e-05,3.318858113885705605e-05,1.328735628664587710e-06,0.000000000000000000e+00,2.048695095202598959e-02,5.422458174970013964e-03,4.776265932742546853e-04,2.360651755381039905e-03,4.773316550713982767e-04,1.232677406867218901e-03,3.240447031935429593e-03,2.308937978152974906e-03,0.000000000000000000e+00,9.452869759223686552e-03,2.554112868482132440e-04,6.524429629441424322e-04
2.581083443198568528e-01,5.965901237393713211e-04,8.445849755364084931e-04,4.968941031480810303e-03,3.622661963719074271e-04,4.037167744345149245e-04,1.058826961069760098e-02,1.093270598661214271e-03,1.713306709292761621e-03,2.722767866815752925e-03,4.618756942938652410e-03,1.238469041352294490e-03,3.631754711159188020e-03,2.815822383202054233e-05,4.935847490551621176e-04,4.263472339090715172e-07,6.284393646420657334e-04,4.864337792823784749e-03,2.074100502526815548e-02,4.967938427337197614e-03,1.939675301398974976e-04,5.055639647306637337e-04,9.780056438107090615e-04,2.912681905293321941e-03,3.646268495686847723e-04,4.785051770203629408e-05,5.200479704378718152e-04,5.401773042206601400e-04,2.289337136803113772e-03,1.023356610421062443e-03
2.261215285361136973e-01,3.568920131642894667e-04,3.479294370405337442e-03,8.256835929618133469e-04,1.666079847888112149e-03,6.707647437425889089e-04,3.278640764614998687e-03,3.262725526703040080e-04,3.851669426038920561e-03,2.783345158253157110e-03,6.596747788747060748e-03,6.104673549149033235e-03,1.370383318985045004e-04,3.394241672890323529e-04,5.309103302968906386e-04,1.116792911566424283e-04,2.252560465492327649e-03,1.334067277449833486e-03,2.047777395291518199e-02,7.864983811391274351e-03,2.622035785646097648e-04,2.350606144995751826e-04,3.243248657842611989e-04,1.212572317437429076e-03,5.836817176194002751e-04,3.061937322502973852e-05,4.735195563372339217e-04,1.259587897655579589e-03,9.347665061954089222e-03,1.283130309676929230e-03
7.070818133825673701e-02,9.515440840331607694e-04,7.045711040852007181e-03,1.714212787255246090e-02,1.350837460037822855e-03,9.704840866756552333e-05,9.228317904486934772e-03,1.159585033416624588e-03,6.937999093679944693e-04,3.695199782619502764e-03,1.618604326585767160e-03,1.756876011620514110e-03,4.032031409890594713e-03,1.780093795811473097e-03,4.769121115648373012e-04,8.490878803336167650e-06,7.076835702819568238e-04,0.000000000000000000e+00,2.045086634927959293e-02,7.358199428358970853e-03,0.000000000000000000e+00,8.492935298542279507e-03,9.152358139830900526e-04,1.328738606885742496e-03,1.004498658186395079e-04,2.168282204401052616e-05,1.137382158201850478e-04,1.296783789626559154e-03,2.583817900635156269e-03,5.986604529604317403e-04
6.299500115134688549e-01,7.271928173199293868e-05,2.358596555105967746e-02,1.682415070686658562e-02,1.166713528218833468e-03,7.659916167176939947e-04,2.305442441209831685e-03,0.000000000000000000e+00,3.473357161397890545e-03,3.966078554962217616e-04,2.433202815642848162e-03,1.340263896528172839e-03,4.036433843858809947e-03,1.260897550322831549e-03,4.638454758678106529e-04,3.840345958487986896e-05,6.512472464431168055e-03,2.441312920301063824e-03,2.513383603234137578e-02,0.000000000000000000e+00,3.514883633896729274e-03,1.019767043427656852e-03,7.146770176970597887e-04,1.244221328741818271e-03,3.072251931916236689e-04,2.214043039302588268e-03,2.248321488059355083e-02,9.513116814320453363e-03,1.151201585306484186e-03,1.062299230205624150e-03
8.473304645985295647e-01,2.288349246090178035e-03,1.575990984745907417e-03,5.691671884987069665e-06,4.470773104249249792e-03,3.708634057237315514e-04,1.268316148612283131e-02,1.039649127307460275e-05,3.498809616370033432e-03,8.144958641362353736e-04,1.114562627969266188e-02,1.282298263221652232e-03,4.086701839335971261e-03,6.620564938523128360e-04,9.212826011680566802e-05,1.416791829596540696e-04,2.296853133979736769e-03,0.000000000000000000e+00,2.144843144020667711e-02,6.939940922711471810e-03,5.463641921971125297e-04,2.401994539344201856e-03,1.018523917089294607e-03,3.008151541391695938e-03,1.921361922167504153e-04,9.531883514314566305e-05,7.045979910906235814e-04,6.081260466523378747e-04,3.421753969387120956e-03,6.960029610061132643e-05
8.253995005008559760e-01,5.102847876148087223e-05,3.324626708660175477e-03,0.000000000000000000e+00,1.371890962501780276e-03,7.252419488513992029e-04,5.964338974561563846e-03,1.261627619203366940e-06,6.880174877126739265e-04,6.226831446532374824e-04,1.127539500591571292e-02,4.355576670606330775e-03,4.394906441671108180e-03,6.246008573544026450e-04,5.973425528855017593e-04,1.135436660184920325e-04,7.739722663815176967e-04,3.336437544475454563e-04,2.139968171716851927e-02,1.969886633873230847e-02,1.730112021438580158e-07,8.086439831011286647e-03,6.887506629394911893e-04,5.508543226416889546e-05,5.816659229722380940e-03,1.038863989517790735e-03,7.227961094717141877e-04,1.051404392622796611e-03,3.286716488380325187e-03,6.316404264465615929e-04
2.422053713973287836e-01,3.405856166579027122e-03,7.128293195426512602e-03,1.638215430036400744e-04,4.875747036628769182e-03,6.250498600403788917e-04,1.081236985647064143e-02,1.183165510468547118e-03,5.358911380456644544e-04,1.175183301384990532e-03,7.073947124181673325e-03,4.301276628225197268e-03,0.000000000000000000e+00,1.593482265485069056e-03,0.000000000000000000e+00,3.040079931907954669e-04,7.056585852234769501e-04,2.528925138723281570e-05,2.100222327305226525e-02,5.406756187529231268e-03,9.322501081883061602e-06,5.189475091808116265e-04,3.087911849431790898e-04,1.321200031197475614e-03,3.068205478497600981e-05,1.374702794533546593e-03,6.252210103831680899e-04,9.572647685049541499e-03,3.019152407145156338e-03,0.000000000000000000e+00
6.366585036486680504e-01,6.100291197845639050e-03,3.071328018864396495e-03,9.269400465169113542e-06,1.421523528299793509e-03,6.869389052755262015e-04,1.114401413468657683e-02,3.398804428108973571e-04,3.534920325697525796e-03,1.714676953476598667e-04,1.527895510039348204e-02,4.476433468966446554e-03,4.153506441541839934e-03,4.407524239856211619e-03,1.354818537606215930e-04,5.426266218334829176e-05,6.903597200990229266e-04,3.683691025196834533e-04,2.071878520515981620e-02,5.379076716177718688e-03,3.741018144781420096e-07,8.764902810704740949e-03,7.287454649808525848e-04,5.860020802149320997e-04,3.263633900756063213e-03,5.021132001590685682e-04,7.210091176377852226e-05,9.448350355685331339e-04,5.280563385223531520e-06,5.982014981404245538e-04
7.189500367464773944e-02,9.885904585024464248e-04,2.977882312746586713e-03,9.121139965214332835e-04,1.196779011305190536e-05,8.512893346154392802e-04,9.507144185886984983e-03,1.134801649285205414e-03,2.321500212758532793e-03,4.183242276034827151e-03,3.334218362884366557e-03,1.324106284710463346e-03,3.659296414108987802e-03,0.000000000000000000e+00,1.340668683779578795e-04,2.929367717520541936e-06,8.691296899842564224e-04,2.341342481857987268e-03,2.307033542819719382e-02,4.444767072350612989e-03,2.081160087855646670e-05,1.165624134894490196e-04,1.596146439132369466e-04,1.226012996278119964e-03,3.411685087027665694e-03,0.000000000000000000e+00,5.073094220557527101e-04,6.945358634665487266e-04,3.366175750370288371e-03,6.122822101027750388e-04
4.470885505973338780e-01,0.000000000000000000e+00,2.487610672459210706e-02,1.256464974019582542e-04,9.182462622709742020e-05,3.302582589137803299e-04,1.128363997987616441e-02,1.067860373417947725e-03,4.308034952280672151e-04,7.244551077702156457e-04,1.149627826885120385e-02,6.167766582602725485e-03,2.700883600099119979e-04,6.142216300527292543e-04,4.797983203147542972e-04,4.581710064164450135e-04,3.373886866282302280e-04,0.000000000000000000e+00,1.778680435193275011e-02,4.014234779524866736e-03,2.088054768742544226e-03,4.511424500349570793e-04,1.743433090682230824e-05,1.069238504915549391e-03,1.204584827217778514e-04,4.972329739408392311e-04,6.880346016683533969e-04,6.911042193344018800e-04,1.315955235329562423e-03,9.527035453771925738e-04
6.281201097815765078e-01,7.041341366718797913e-04,3.512494650357884853e-03,4.399046031681727109e-04,1.363244462416922462e-03,4.153234499447880194e-04,1.331263174988078259e-02,2.741358230597176499e-03,0.000000000000000000e+00,9.224353866076734874e-05,7.658681182455001277e-03,4.388454131405368323e-03,1.141386216420079390e-02,1.405407293831874857e-03,0.000000000000000000e+00,3.896406306562970583e-06,1.570156330860133414e-05,2.873054380825153416e-03,2.115496257086849075e-02,4.452753647554106090e-03,9.580445796329047206e-06,8.497291136164548953e-03,3.256061599168797458e-04,2.062465476541494504e-03,3.277511831288160583e-03,2.140484724072227313e-03,8.138192345401383098e-04,1.159210254529276490e-03,2.918563064537949524e-03,1.277788704329787823e-03
4.303738073395799169e-01,1.469107419354513016e-03,6.450913093582277304e-03,1.278314710850935202e-03,7.188059133863594803e-04,7.842752748700955109e-04,3.226733459386298825e-03,3.794610428299445733e-03,5.799013075014286880e-04,7.677424821884009385e-04,1.578036612248304507e-02,4.351936874624992048e-03,4.082423083444531621e-03,4.773142527158099474e-03,6.217972851193826356e-04,7.824402414332758474e-03,7.504195571129243687e-04,1.271052402798070885e-04,2.339834867845277250e-02,2.287093348490902567e-02,6.227962012072449892e-04,2.705871175617463164e-03,1.012431476537043818e-03,6.395104644658965512e-05,5.819067495640525833e-03,2.405227085284608601e-03,6.136508524196898282e-04,1.056178995380733371e-02,3.613862171488032779e-08,6.246307771997855821e-04
2.101364972022731203e-01,3.362623499869898426e-03,1.419384230235978817e-03,1.791008893477575789e-02,7.790717202762298225e-04,1.200702863888958142e-04,1.121286462160245301e-02,1.187786336077137610e-03,4.863984276987287289e-04,3.839879857477278020e-03,7.711404309141843896e-03,4.670452726802215918e-03,4.972547096198674799e-02,1.434814796486459437e-03,4.633692298261929497e-04,2.873856542526682370e-06,7.015493383831875604e-04,3.585591221420571500e-04,2.118268625000643141e-02,5.497715578443061919e-03,0.000000000000000000e+00,1.072119229223210738e-04,9.287929350218969383e-04,6.187834752980573422e-04,1.349680036369957196e-05,5.069271656610440258e-04,6.897244128839693763e-04,3.380132347620414326e-03,3.640230212694358161e-03,8.845367474704735403e-05
